-- MySQL Administrator dump 1.4
--
-- ------------------------------------------------------
-- Server version	4.1.20-community-nt


/*!40101 SET @OLD_CHARACTER_SET_CLIENT=@@CHARACTER_SET_CLIENT */;
/*!40101 SET @OLD_CHARACTER_SET_RESULTS=@@CHARACTER_SET_RESULTS */;
/*!40101 SET @OLD_COLLATION_CONNECTION=@@COLLATION_CONNECTION */;
/*!40101 SET NAMES utf8 */;

/*!40014 SET @OLD_UNIQUE_CHECKS=@@UNIQUE_CHECKS, UNIQUE_CHECKS=0 */;
/*!40014 SET @OLD_FOREIGN_KEY_CHECKS=@@FOREIGN_KEY_CHECKS, FOREIGN_KEY_CHECKS=0 */;
/*!40101 SET @OLD_SQL_MODE=@@SQL_MODE, SQL_MODE='NO_AUTO_VALUE_ON_ZERO' */;



--
-- Dumping data for table `core_admin_auth_db_module`
--

/*!40000 ALTER TABLE `core_admin_auth_db_module` DISABLE KEYS */;
INSERT INTO `core_admin_auth_db_module` (`access_code`,`password`,`date_valid_password`,`last_password`,`last_name`,`first_name`,`email`) VALUES 
 ('admin','admin','2006-07-21','x','admin','admin','admin@lutece.fr'),
 ('lutece','lutece','2006-07-21','x','lutece','lutece','lutece@lutece.fr'),
 ('redac','redac','2006-07-21','x','redac','redac','redac@lutece.fr'),
 ('valid','valid','2006-07-21','x','valid','valid','valid@lutece.fr');
/*!40000 ALTER TABLE `core_admin_auth_db_module` ENABLE KEYS */;


--
-- Dumping data for table `core_admin_right`
--

/*!40000 ALTER TABLE `core_admin_right` DISABLE KEYS */;
INSERT INTO `core_admin_right` (`id_right`,`name`,`level`,`admin_url`,`description`,`is_updatable`,`plugin_name`,`id_feature_group`,`icon_url`) VALUES 
 ('CORE_ADMIN_SITE','portal.site.adminFeature.admin_site.name',2,'jsp/admin/site/AdminSite.jsp','portal.site.adminFeature.admin_site.description',1,NULL,'SITE','images/admin/skin/features/admin_site.png'),
 ('CORE_CACHE_MANAGEMENT','portal.system.adminFeature.cache_management.name',0,'jsp/admin/system/ManageCaches.jsp','portal.system.adminFeature.cache_management.description',1,NULL,'SYSTEM','images/admin/skin/features/manage_caches.png'),
 ('CORE_SEARCH_INDEXATION','portal.search.adminFeature.indexer.name',0,'jsp/admin/search/ManageSearchIndexation.jsp','portal.search.adminFeature.indexer.description',0,NULL,'SYSTEM',NULL),
 ('CORE_LOGS_VISUALISATION','portal.system.adminFeature.logs_visualisation.name',0,'jsp/admin/system/ManageFilesSystem.jsp','portal.system.adminFeature.logs_visualisation.description',1,NULL,'SYSTEM','images/admin/skin/features/view_logs.png'),
 ('CORE_MODES_MANAGEMENT','portal.style.adminFeature.modes_management.name',0,'jsp/admin/style/ManageModes.jsp','portal.style.adminFeature.modes_management.description',1,NULL,'STYLE','images/admin/skin/features/manage_modes.png');
INSERT INTO `core_admin_right` (`id_right`,`name`,`level`,`admin_url`,`description`,`is_updatable`,`plugin_name`,`id_feature_group`,`icon_url`) VALUES 
 ('CORE_PAGE_TEMPLATE_MANAGEMENT','portal.style.adminFeature.page_template_management.name',0,'jsp/admin/style/ManagePageTemplates.jsp','portal.style.adminFeature.page_template_management.description',0,NULL,'STYLE','images/admin/skin/features/manage_page_templates.png'),
 ('CORE_PLUGINS_MANAGEMENT','portal.system.adminFeature.plugins_management.name',0,'jsp/admin/system/ManagePlugins.jsp','portal.system.adminFeature.plugins_management.description',1,NULL,'SYSTEM','images/admin/skin/features/manage_plugins.png'),
 ('CORE_PROPERTIES_MANAGEMENT','portal.site.adminFeature.properties_management.name',2,'jsp/admin/ManageProperties.jsp','portal.site.adminFeature.properties_management.description',0,NULL,'SITE',NULL),
 ('CORE_STYLESHEET_MANAGEMENT','portal.style.adminFeature.stylesheet_management.name',0,'jsp/admin/style/ManageStyleSheets.jsp','portal.style.adminFeature.stylesheet_management.description',1,NULL,'STYLE','images/admin/skin/features/manage_stylesheets.png'),
 ('CORE_STYLES_MANAGEMENT','portal.style.adminFeature.styles_management.name',0,'jsp/admin/style/ManageStyles.jsp','portal.style.adminFeature.styles_management.description',1,NULL,'STYLE','images/admin/skin/features/manage_styles.png');
INSERT INTO `core_admin_right` (`id_right`,`name`,`level`,`admin_url`,`description`,`is_updatable`,`plugin_name`,`id_feature_group`,`icon_url`) VALUES 
 ('CORE_USERS_MANAGEMENT','portal.users.adminFeature.users_management.name',2,'jsp/admin/user/ManageUsers.jsp','portal.users.adminFeature.users_management.description',1,'','USERS','images/admin/skin/features/manage_users.png'),
 ('CORE_FEATURES_MANAGEMENT','portal.admin.adminFeature.features_management.name',0,'jsp/admin/features/ManageFeatures.jsp','portal.admin.adminFeature.features_management.description',0,NULL,'SYSTEM','images/admin/skin/features/manage_features.png'),
 ('CORE_RBAC_MANAGEMENT','portal.rbac.adminFeature.rbac_management.name',0,'jsp/admin/rbac/ManageRoles.jsp','portal.rbac.adminFeature.rbac_management.description',0,'','USERS','images/admin/skin/features/manage_rbac.png'),
 ('CORE_DAEMONS_MANAGEMENT','portal.system.adminFeature.daemons_management.name',0,'jsp/admin/system/ManageDaemons.jsp','portal.system.adminFeature.daemons_management.description',0,NULL,'SYSTEM',NULL),
 ('CORE_WORKGROUPS_MANAGEMENT','portal.workgroup.adminFeature.workgroups_management.name',2,'jsp/admin/workgroup/ManageWorkgroups.jsp','portal.workgroup.adminFeature.workgroups_management.description',0,NULL,'USERS','images/admin/skin/features/manage_workgroups.png');
INSERT INTO `core_admin_right` (`id_right`,`name`,`level`,`admin_url`,`description`,`is_updatable`,`plugin_name`,`id_feature_group`,`icon_url`) VALUES 
 ('CORE_ROLES_MANAGEMENT','portal.role.adminFeature.roles_management.name',2,'jsp/admin/role/ManagePageRole.jsp','portal.role.adminFeature.roles_management.description',0,NULL,'USERS','images/admin/skin/features/manage_roles.png'),
('CORE_GROUPS_MANAGEMENT','portal.group.adminFeature.groups_management.name',2,'jsp/admin/group/ManageGroups.jsp','portal.group.adminFeature.groups_management.description',0,NULL,'USERS','images/admin/skin/features/manage_groups.png'),
('CORE_MAILINGLISTS_MANAGEMENT','portal.mailinglist.adminFeature.mailinglists_management.name',2,'jsp/admin/mailinglist/ManageMailingLists.jsp','portal.mailinglist.adminFeature.mailinglists_management.description',0,NULL,'USERS','images/admin/skin/features/manage_mailinglists.png');
/*!40000 ALTER TABLE `core_admin_right` ENABLE KEYS */;


--
-- Dumping data for table `core_admin_role`
--

/*!40000 ALTER TABLE `core_admin_role` DISABLE KEYS */;
INSERT INTO `core_admin_role` (`role_key`,`role_description`) VALUES 
 ('all_site_manager','Site Manager'),
 ('super_admin','Super Administrateur');
/*!40000 ALTER TABLE `core_admin_role` ENABLE KEYS */;


--
-- Dumping data for table `core_admin_role_resource`
--

/*!40000 ALTER TABLE `core_admin_role_resource` DISABLE KEYS */;
INSERT INTO `core_admin_role_resource` (`rbac_id`,`role_key`,`resource_type`,`resource_id`,`permission`) VALUES 
 (57,'all_site_manager','PAGE','*','VIEW'),
 (58,'all_site_manager','PAGE','*','MANAGE'),
 (77,'super_admin','INSERT_SERVICE','*','*'),
 (101,'all_site_manager','PORTLET_TYPE','*','*');
/*!40000 ALTER TABLE `core_admin_role_resource` ENABLE KEYS */;


--
-- Dumping data for table `core_admin_user`
--

/*!40000 ALTER TABLE `core_admin_user` DISABLE KEYS */;
INSERT INTO `core_admin_user` (`id_user`,`access_code`,`last_name`,`first_name`,`email`,`status`,`password`,`locale`,`level`) VALUES 
 (1,'admin','Admin','admin','',0,'admin','fr',0),
 (2,'lutece','Lutèce','lutece','',0,'lutece','fr',1),
 (3,'redac','redac','redac','redac@mdp',0,'redac','fr',2),
 (4,'valid','valid','valid','valid@mdp',0,'valid','fr',3);
/*!40000 ALTER TABLE `core_admin_user` ENABLE KEYS */;


--
-- Dumping data for table `core_admin_workgroup`
--

/*!40000 ALTER TABLE `core_admin_workgroup` DISABLE KEYS */;
/*!40000 ALTER TABLE `core_admin_workgroup` ENABLE KEYS */;


--
-- Dumping data for table `core_admin_workgroup_user`
--

/*!40000 ALTER TABLE `core_admin_workgroup_user` DISABLE KEYS */;
/*!40000 ALTER TABLE `core_admin_workgroup_user` ENABLE KEYS */;


--
-- Dumping data for table `core_connections_log`
--

/*!40000 ALTER TABLE `core_connections_log` DISABLE KEYS */;
/*!40000 ALTER TABLE `core_connections_log` ENABLE KEYS */;


--
-- Dumping data for table `core_feature_group`
--

/*!40000 ALTER TABLE `core_feature_group` DISABLE KEYS */;
INSERT INTO `core_feature_group` (`id_feature_group`,`feature_group_description`,`feature_group_label`,`feature_group_order`) VALUES 
 ('CONTENT','portal.features.group.content.description','portal.features.group.content.label',1),
 ('APPLICATIONS','portal.features.group.applications.description','portal.features.group.applications.label',3),
 ('SYSTEM','portal.features.group.system.description','portal.features.group.system.label',6),
 ('SITE','portal.features.group.site.description','portal.features.group.site.label',2),
 ('STYLE','portal.features.group.charter.description','portal.features.group.charter.label',5),
 ('USERS','portal.features.group.users.description','portal.features.group.users.label',4);
/*!40000 ALTER TABLE `core_feature_group` ENABLE KEYS */;


--
-- Dumping data for table `core_level_right`
--

/*!40000 ALTER TABLE `core_level_right` DISABLE KEYS */;
INSERT INTO `core_level_right` (`id_level`,`name`) VALUES 
 (0,'Niveau 0 - Droits de l\'administrateur technique'),
 (1,'Niveau 1 - Droits de l\'administrateur fonctionnel'),
 (2,'Niveau 2 - Droits du webmestre'),
 (3,'Niveau 3 - Droits de l\'assistant webmestre');
/*!40000 ALTER TABLE `core_level_right` ENABLE KEYS */;


--
-- Dumping data for table `core_mode`
--

/*!40000 ALTER TABLE `core_mode` DISABLE KEYS */;
INSERT INTO `core_mode` (`id_mode`,`description_mode`,`path`,`output_xsl_method`,`output_xsl_version`,`output_xsl_media_type`,`output_xsl_encoding`,`output_xsl_indent`,`output_xsl_omit_xml_declaration`,`output_xsl_standalone`) VALUES 
 (0,'Normal','normal/','xml','1.0','text/xml','UTF-8','yes','yes','yes'),
 (1,'Administration','admin/','xml','1.0','text/xml','UTF-8','yes','yes','yes'),
 (2,'Wap','wml/','xml','1.0','text/xml','UTF-8','yes','yes','yes');
/*!40000 ALTER TABLE `core_mode` ENABLE KEYS */;


--
-- Dumping data for table `core_page`
--

/*!40000 ALTER TABLE `core_page` DISABLE KEYS */;
INSERT INTO `core_page` (`id_page`,`id_parent`,`name`,`description`,`date_update`,`status`,`page_order`,`id_template`,`date_creation`,`role`,`code_theme`,`node_status`,`image_content`,`mime_type`) VALUES 
 (1,0,'accueil','Page d\'accueil','2006-10-19 12:11:13',1,1,2,'2003-09-09 10:38:01','none','default',0,'','application/octet-stream'),
 (3,1,'Documentation','Tout ce dont vous avez besoin pour utiliser Lutece','2006-10-18 19:39:24',0,2,2,'2002-09-09 10:46:46','none','default',0,'','application/octet-stream'),
 (6,3,'Guide utilisateur','Accès au guide utilisateur','2006-09-19 18:20:13',0,1,1,'2006-02-15 18:39:59','none','default',1,NULL,''),
 (5,1,'L\'outil','Description du CMS Lutèce','2006-10-12 19:03:49',0,1,1,'2006-02-15 18:37:26','none','default',1,NULL,''),
 (7,3,'Guide technique','Accès à documentation technique','2006-09-19 18:19:45',0,2,1,'2006-02-15 18:40:30','none','default',1,0x47494638396130003000C3B700000402047CE2809AE2809D44424454527CC384C382C2BCC2A4C2A2C2A46C6AE2809E5C5E5C2422243C426CC3A4C3A2C39C746EE2809DE2809DE28099E2809D343234C2B4C2B2C2B4545264C394C392C38C1412145452545C5E7C7C7A7CC3B4C3B2C3ACC2A4C2A2C2B4E2809DE28099C2AC3432444442542C2A2C7C7AE2809DE2809EE2809AC2A46466C5927472E2809E4C4E64C2BCC2BAC2BC545274C39CC39AC39C0D0A0A0D0AC384C386C38C747674C3A4C3A6C3ACC592E28099C2A41C1A1C64667CC2ACC2AAC2AC6C6AC5925C5E747476C592C3BCC3BAC3B4C2ACC2AAC2B43C3A444C4A4C545A7C2426347476E2809D3C3A3C5C5A64C593C5BEC2AC4C4A542C2A347C7EC2A4C592C5BDC2A4444A74C592C5A0C593C2A4C2A2C2AC24222C7472C593C2B4C2B6C384C39CC39AC3945C5A5C5C5EE2809E7C7AC593C2BCC2BAC384C39CC39EC3A40D0A0E14C38CC38EC38CC3ACC3AEC3ACC593C5A1C2A41C1A246C6A6CC2ACC2AAC2BC04060D0AE2809EE280A0C59344424CC384C382C3846C6EE2809E44466CC3A4C3A2C3A46C72E2809DC593C5A1C59334323CC2B4C2B2C2BC54526CC394C392C39414161C54525C7C7E7CC3B4C3B2C3B4E2809DE28099C2B43436445C5A74C39CC39EC39CE2809DE28093C2A46466E2809E6C6EC592646274747AC592C3BCC3BAC3BC3C3A4C5C5AE2809E4C4A5C2C2E34C592C5A0C2AC4C4E74040604E2809EE2809AE2809D44464454567CC2A4C2A6C2A464666424262444426CE2809DE28093E2809D343634C2B4C2B6C2B45C566414161454565464627C7476E2809EC2A4C2A6C2B44C4A6C7472C5925C5A6CC593C5BEC2B4C38CC38EC394C3ACC3AEC3B4C38CC38AC38CC3ACC3AAC3AC6462E2809EE2809DE28093C2AC4446542C2E2C7C7EE2809DE2809EE280A0C2A4C2BCC2BEC2BC5456740D0A0E0D0A1C1E1CC2ACC2AEC2ACC2ACC2AEC2B44C4E4C3C3E3CC2A4C2A6C2AC24262C7C7EC593C2BCC2BEC3841C1E24C2ACC2AEC2BCC384C386C384C3A4C3A6C3A4C394C396C394C3B4C3B6C3B4C3BCC3BEC3BC3C3E4C4C4E5CC592C5BDC2AC6C66C592E2809DE28099C2A46C667C645E747C76C5925C5A7C4C4A74140E14746EE2809E7472E2809D3C3644C3A4C39EC39C746EC592342E347C7CC3BF00704800C3800015120000000000C382C2A0002AC3AE00E2809A12007C0020000060000015000000000000C3A8780152C38100161200000000C2BE08003EC2B500E2809A4B007C00577D58C3B604C381E282AC00127C00005C74C3B3C380C381C2B212124E00000020C3B7C592603EC38115E2809A12007C006904C2BE5CC3B03E4D4EE2809A65007C730D0A5020C3B0C384644E126F00006300C2B67501C3BF6D00C3BF65007F6E700874C380C3847312125C00004D00C3A86501527300162000006916C2BE6D3F3E61E2809AE2809A677C7C6500C3A87300525C00160000000000000000000100000000000100C2AF000049020047000000C2A0C5BE080001C384001E120001001F00080000C38400001200000021C3B90401000000002C00000000300030000708C3BF0001081C48C2B0C2A0C381C69208132A5CC388C2B0C2A1C383E280A110234AC59348C2B1C2A2C385E2809A58305DC2ACCB86644F070F7D2830685262C2A3C3830606CB86C3B410C2A20454C5A134C2A13AC3B131E284A2C2B063E280A13259E2809D78320133E2809DC2A13135681E6CC2B06242C5934F15C2AA7C09C385C2B4C38A2310C592E2809E121C61C2A3C3A80D0A25CB863CC3B54CC3B309E2809EC5BE470DC2A40A6C2368C28D20C2A45510310DC2A5C2A4C393531050C2A5525D00C3A906C39623C2A0CB9CC2A6C2812545C393233DE282AC35086DC393E2809A48E284A242C2A0C392C2AEC3BDC2B245C5A01402701DC3A811C2BC71C3841E1A217628C2A9306669C2A834C5BEE2809974C3AA24C3A5C2A91EC389E2809D2D626AC39141E280A211174A44C3A80525C3A2C39021C392C28FC3BEC3AAE284A2C3A4C380C38E460FE280A0C2B728C390C2A9C39405C2A22D49E28099C39C2EC3ADC395C381C2A4490836C3A2486440C38416C2AC55E2809D54C39902C2A1C39072C388201C38C3BF5031C389C3B7C3851CC2AE0275C3BAC3A409E2809802C3B75BC2902F37C3ADC593C2BCC2A4C38A2DC3AE00C3BA54C385535A05C3B2C28DC3A65773E2809CC2A8C2A042741BC29D11C38206C5B8C592C281487F4704C388C39C69C38FC391C2A1C3827D1B45C391C39A2122C3B8C3A7092CC38A09485FC2811662781102E2809A50E28098E280A61026C592C3A1C38918214E58C5B80A16C2A260121C065071027F555431E280A06DC2B8114823C28DE28099C380C2810202C5926021400D0A120D0A31C38401434860C3894C0A0D32C38714101CC2A14015C2B50509C3987334C392C3B115E280A1C3AD55C3A0C3925A68C2AAC2B0500D1D0422E280A602631CC3B1C3896832567809085B74CB9C15227C22C2A2E2809E125F7CE2809857270EC3A4C2A1101F66C39CC3A1032C47C5922102697EC29DC3A6C593E280A6C28F24C3815F7BC3ADC3B95941C2A0671E5200085E2CC3A44720C28DC59261C3AA27C5BDC28D48C5BE14E28093C3826242C2A67E06C3BF2A284CE280A1C390C3A1C5931E7FC2B0C3800542C2A3C38C31C38116C2A63646E282AC6EC3A3C3A921C385215B1CC3A1C389C2B27E6EC38629C2AD743CC3A7002517C2B0E28098501B655001022CC3963DC2A209C281C28F48C39109C2B0C38CC3B2C3B927C2A779C395C38AE280BA783B68C2A1502406C39C71C692C2A35BC3A476C39A57C3A226C39121C2A6C38D3E1B4AC2ADC38E49664A19702C34080F2DC592C3B14921C2A6C281C3A0CB9C1410CB86C3905FC2A64A18C2B2C2A9C2A0C3BF1620C2AD1E64C2B8C2B2C3AB42C2A2C2AC21E280A0080A240157C2B804C2B07A29C2ACC38E7E011309C3914E42E280B01EC5A014C2A111430864E280BA0925E280A17CE280A2E280BA26E280A17CC2A2C2AC09C3A61AC3A26F271AC38BC2AC47013AC380C3A0101C2CE2809E10C3881B3B702BE2809A0863C3B4C2B8C3ACC3965C7BC2A2E2809EC2A7C38F4DC2A2C387251CC59202510E2BC388C290CB861526E282ACC3B26756C38BC3B6C3A8C2A3C2A9577F22E2809A1EC3A44946360D0A12E280B0C3BFC3A2C5A0150D0A0421E2809AC2B2E284A2C3BA67C2AAC2A357E280B960C2B714C3A4C3890D0AE280A619E280984CE2809D431945C3A8C3A00829C5A010C382E280B011241472C3B5C3A16308C3B1C3892749C2AC0D0A45114C58C2B40916C2A2C2B021E280A01F6600E2809809073B64C3AE4416C5A1C290E282ACC3AC160438C390C6920E6D4804070D0AE280981B0447245C60E2809A45061FCB8651E280A01945C3907E01214EC3ACC3804106126DC3924A2213E2809DC390C380080D0AC381C281040ACB9CE2809EC381C2BC18E2809A3C20C3912234C38CC391CB8627C2A1C3B8C2B8E280A61E57C39421E280A10628E282ACC2BF50C38110C2A1C390C5A0197378C281C39B44C390E2809C507046044978C38424C2AEC3A0E280A63A48200FC3BAC2B3482BC38A30C2814328C3A00D0AC3BE71C38971E282AC44C5A1C387E2809DC3A629C3A6C2B14817CB8630E280A6315CC3871347C390090424C3B4E2809349E280A267236D480F093EC381C2A7C3A1CB9CC290E280A65EC39103250A64C2A2C5A044E2809A065478C281101FC392C3A2C2A0C3AD24C2A7C692C2A601C393C2814CC2A2C2A04C34C3883D265040216244C5B8C3B1E2809DC2A8220101003B,'image/gif'),
 (8,1,'Démo d\'internationalisation','','2006-10-12 19:04:17',0,5,4,'2006-09-19 15:01:50','none','default',1,NULL,NULL);
INSERT INTO `core_page` (`id_page`,`id_parent`,`name`,`description`,`date_update`,`status`,`page_order`,`id_template`,`date_creation`,`role`,`code_theme`,`node_status`,`image_content`,`mime_type`) VALUES 
 (9,1,'Collaboratif','Espace de travail collaboratif','2006-10-12 19:03:41',0,3,2,'2006-10-12 15:17:31','none','default',1,NULL,NULL),
 (10,1,'Développeurs','Ressources pour les contributeurs/développeurs Lutèce','2006-10-18 18:57:33',0,4,2,'2006-10-12 19:03:20','none','default',1,NULL,NULL);
/*!40000 ALTER TABLE `core_page` ENABLE KEYS */;


--
-- Dumping data for table `core_page_template`
--

/*!40000 ALTER TABLE `core_page_template` DISABLE KEYS */;
INSERT INTO `core_page_template` (`id_template`,`description`,`file_name`,`picture`) VALUES 
 (1,'Une colonne','skin/site/page_template1.html','page_template1.gif'),
 (2,'Deux colonnes','skin/site/page_template2.html','page_template2.gif'),
 (3,'Trois colonnes','skin/site/page_template3.html','page_template3.gif'),
 (4,'1 + 2 colonnes','skin/site/page_template4.html','page_template4.gif'),
 (5,'Deux colonnes égales','skin/site/page_template5.html','page_template5.gif'),
 (6,'Trois colonnes inégales','skin/site/page_template6.html','page_template6.gif');
/*!40000 ALTER TABLE `core_page_template` ENABLE KEYS */;


--
-- Dumping data for table `core_parameters`
--

/*!40000 ALTER TABLE `core_parameters` DISABLE KEYS */;
INSERT INTO `core_parameters` (`password_duration`) VALUES 
 (120);
/*!40000 ALTER TABLE `core_parameters` ENABLE KEYS */;


--
-- Dumping data for table `core_portal_component`
--

/*!40000 ALTER TABLE `core_portal_component` DISABLE KEYS */;
INSERT INTO `core_portal_component` (`id_portal_component`,`name`) VALUES 
 (0,'Rubrique'),
 (1,'Article'),
 (2,'Rubrique Liste Article'),
 (3,'Menu Init'),
 (4,'Menu Principal'),
 (5,'Chemin Page'),
 (6,'Plan du site'),
 (7,'Arborescence'),
 (8,'Plan du site admin');
/*!40000 ALTER TABLE `core_portal_component` ENABLE KEYS */;


--
-- Dumping data for table `core_portlet`
--

/*!40000 ALTER TABLE `core_portlet` DISABLE KEYS */;
/*!40000 ALTER TABLE `core_portlet` ENABLE KEYS */;


--
-- Dumping data for table `core_portlet_alias`
--

/*!40000 ALTER TABLE `core_portlet_alias` DISABLE KEYS */;
/*!40000 ALTER TABLE `core_portlet_alias` ENABLE KEYS */;


--
-- Dumping data for table `core_portlet_type`
--

/*!40000 ALTER TABLE `core_portlet_type` DISABLE KEYS */;
INSERT INTO `core_portlet_type` (`id_portlet_type`,`name`,`url_creation`,`url_update`,`home_class`,`plugin_name`,`url_docreate`,`create_script`,`create_specific`,`create_specific_form`,`url_domodify`,`modify_script`,`modify_specific`,`modify_specific_form`) VALUES 
 ('ALIAS_PORTLET','portal.site.portletAlias.name','plugins/alias/CreatePortletAlias.jsp','plugins/alias/ModifyPortletAlias.jsp','fr.paris.lutece.portal.business.portlet.AliasPortletHome','alias','plugins/alias/DoCreatePortletAlias.jsp','/admin/portlet/script_create_portlet.html','/admin/portlet/alias/create_portlet_alias.html','','plugins/alias/DoModifyPortletAlias.jsp','/admin/portlet/script_modify_portlet.html','/admin/portlet/alias/modify_portlet_alias.html','');
/*!40000 ALTER TABLE `core_portlet_type` ENABLE KEYS */;


--
-- Dumping data for table `core_role`
--

/*!40000 ALTER TABLE `core_role` DISABLE KEYS */;
/*!40000 ALTER TABLE `core_role` ENABLE KEYS */;


--
-- Dumping data for table `core_style`
--

/*!40000 ALTER TABLE `core_style` DISABLE KEYS */;
INSERT INTO `core_style` (`id_style`,`description_style`,`id_portlet_type`,`id_portal_component`) VALUES 
 (3,'Menu Init','',3),
 (4,'Main Menu','',4),
 (5,'Chemin Page','',5),
 (6,'Plan du site','',6),
 (7,'Arborescence','',7),
 (8,'Plan du Site Admin',NULL,8);
/*!40000 ALTER TABLE `core_style` ENABLE KEYS */;


--
-- Dumping data for table `core_style_mode_stylesheet`
--

/*!40000 ALTER TABLE `core_style_mode_stylesheet` DISABLE KEYS */;
INSERT INTO `core_style_mode_stylesheet` (`id_style`,`id_mode`,`id_stylesheet`) VALUES 
 (3,0,211),
 (4,0,213),
 (5,0,215),
 (6,0,217),
 (7,0,253),
 (8,1,279);
/*!40000 ALTER TABLE `core_style_mode_stylesheet` ENABLE KEYS */;


--
-- Dumping data for table `core_stylesheet`
--

/*!40000 ALTER TABLE `core_stylesheet` DISABLE KEYS */;
INSERT INTO `core_stylesheet` (`id_stylesheet`,`description`,`file_name`,`source`) VALUES 
 (253,'Pages filles - Arborescence','menu_tree.xsl',0x3C3F786D6C2076657273696F6E3D22312E30223F3E0D0A3C78736C3A7374796C6573686565742076657273696F6E3D22312E302220786D6C6E733A78736C3D22687474703A2F2F7777772E77332E6F72672F313939392F58534C2F5472616E73666F726D223E0D0A0D0A3C78736C3A706172616D206E616D653D22736974652D70617468222073656C6563743D22736974652D7061746822202F3E0D0A0D0A3C78736C3A74656D706C617465206D617463683D226D656E752D6C697374223E0D0A3C6272202F3E3C6272202F3E0D0A093C6469762069643D226D656E752D696E6974223E0D0A09093C6469762069643D226D656E752D696E69742D636F6E74656E74223E0D0A2020202020202020202020203C756C2069643D226D656E752D7665727469223E0D0A202020202020202020202020202020203C78736C3A6170706C792D74656D706C617465732073656C6563743D226D656E7522202F3E0D0A2020202020202020202020203C2F756C3E0D0A20202020202020203C2F6469763E0D0A20202020203C2F6469763E0D0A3C2F78736C3A74656D706C6174653E0D0A0D0A0D0A3C78736C3A74656D706C617465206D617463683D226D656E75223E0D0A202020203C78736C3A7661726961626C65206E616D653D22696E646578223E0D0A20202020093C78736C3A6E756D626572206C6576656C3D2273696E676C6522202F3E0D0A202020203C2F78736C3A7661726961626C653E0D0A0D0A202020203C78736C3A696620746573743D2224696E646578202667743B2037223E0D0A20202020202020203C6C6920636C6173733D2266697273742D7665727469223E0D0A202020202020202020203C6120687265663D227B24736974652D706174687D3F706167655F69643D7B706167652D69647D22207461726765743D225F746F70223E0D0A2020202020202020202020202020203C78736C3A76616C75652D6F662073656C6563743D22706167652D6E616D6522202F3E0D0A20202020202020202020203C2F613E0D0A20202020202020202020203C78736C3A6170706C792D74656D706C617465732073656C6563743D227375626C6576656C2D6D656E752D6C69737422202F3E0D0A20202020202020203C2F6C693E0D0A2020203C2F78736C3A69663E0D0A0D0A3C2F78736C3A74656D706C6174653E0D0A0D0A3C78736C3A74656D706C617465206D617463683D227375626C6576656C2D6D656E752D6C69737422203E0D0A093C756C3E0D0A20202020093C6C6920636C6173733D226C6173742D7665727469223E0D0A090920093C78736C3A6170706C792D74656D706C617465732073656C6563743D227375626C6576656C2D6D656E7522202F3E0D0A2009202020203C2F6C693E0D0A202020203C2F756C3E0D0A3C2F78736C3A74656D706C6174653E0D0A0D0A0D0A3C78736C3A74656D706C617465206D617463683D227375626C6576656C2D6D656E75223E0D0A2020203C78736C3A7661726961626C65206E616D653D22696E6465785F736F75735F6D656E75223E0D0A2020202020202020203C78736C3A6E756D626572206C6576656C3D2273696E676C6522202F3E0D0A2020203C2F78736C3A7661726961626C653E0D0A0D0A2020203C6120687265663D227B24736974652D706174687D3F706167655F69643D7B706167652D69647D22207461726765743D225F746F70223E0D0A09093C7370616E3E3C78736C3A76616C75652D6F662073656C6563743D22706167652D6E616D6522202F3E3C2F7370616E3E0D0A2020203C2F613E0D0A3C2F78736C3A74656D706C6174653E0D0A0D0A3C2F78736C3A7374796C6573686565743E0D0A),
 (215,'Chemin page','page_path.xsl',0x3C3F786D6C2076657273696F6E3D22312E30223F3E0D0A3C78736C3A7374796C6573686565742076657273696F6E3D22312E302220786D6C6E733A78736C3D22687474703A2F2F7777772E77332E6F72672F313939392F58534C2F5472616E73666F726D223E0D0A0D0A3C78736C3A706172616D206E616D653D22736974652D70617468222073656C6563743D22736974652D7061746822202F3E0D0A0D0A0D0A3C78736C3A74656D706C617465206D617463683D2270616765223E0D0A09093C78736C3A696620746573743D22706F736974696F6E2829213D6C61737428292D31223E0D0A0909093C6120687265663D227B24736974652D706174687D3F706167655F69643D7B706167652D69647D22207461726765743D225F746F70223E3C78736C3A76616C75652D6F662073656C6563743D22706167652D6E616D6522202F3E3C2F613E203E0D0A09093C2F78736C3A69663E0D0A09093C78736C3A696620746573743D22706F736974696F6E28293D6C61737428292D31223E0D0A0909093C78736C3A76616C75652D6F662073656C6563743D22706167652D6E616D6522202F3E0D0A09093C2F78736C3A69663E0D0A3C2F78736C3A74656D706C6174653E0D0A0D0A0D0A3C78736C3A74656D706C617465206D617463683D22706167655F6C696E6B223E0D0A09093C78736C3A696620746573743D22706F736974696F6E2829213D6C61737428292D31223E0D0A0909093C6120687265663D227B24736974652D706174687D3F7B706167652D75726C7D22207461726765743D225F746F70223E3C78736C3A76616C75652D6F662073656C6563743D22706167652D6E616D6522202F3E3C2F613E203E0D0A09093C2F78736C3A69663E0D0A09093C78736C3A696620746573743D22706F736974696F6E28293D6C61737428292D31223E0D0A0909093C78736C3A76616C75652D6F662073656C6563743D22706167652D6E616D6522202F3E0D0A09093C2F78736C3A69663E0D0A3C2F78736C3A74656D706C6174653E0D0A0D0A0D0A3C2F78736C3A7374796C6573686565743E);
INSERT INTO `core_stylesheet` (`id_stylesheet`,`description`,`file_name`,`source`) VALUES 
 (213,'Menu principal','menu_main.xsl',0x3C3F786D6C2076657273696F6E3D22312E30223F3E0D0A3C78736C3A7374796C6573686565742076657273696F6E3D22312E302220786D6C6E733A78736C3D22687474703A2F2F7777772E77332E6F72672F313939392F58534C2F5472616E73666F726D223E0D0A0D0A3C78736C3A706172616D206E616D653D22736974652D70617468222073656C6563743D22736974652D7061746822202F3E0D0A0D0A3C78736C3A74656D706C617465206D617463683D226D656E752D6C697374223E0D0A093C6469762069643D226D656E752D6D61696E223E0D0A2020202020202020203C756C2069643D226D656E75223E0D0A202020202020202020202020203C78736C3A6170706C792D74656D706C617465732073656C6563743D226D656E7522202F3E0D0A2020202020202020203C2F756C3E0D0A202020203C2F6469763E0D0A3C2F78736C3A74656D706C6174653E0D0A0D0A0D0A3C78736C3A74656D706C617465206D617463683D226D656E75223E0D0A202020203C78736C3A7661726961626C65206E616D653D22696E646578223E0D0A20202020093C78736C3A6E756D626572206C6576656C3D2273696E676C6522202F3E0D0A202020203C2F78736C3A7661726961626C653E0D0A0D0A202020203C78736C3A696620746573743D2224696E64657820266C743B2038223E0D0A0D0A20202020203C78736C3A63686F6F73653E0D0A202020202020203C78736C3A7768656E20746573743D22706F736974696F6E28293D3122203E0D0A202020202020202020202020202020203C6C6920636C6173733D226669727374223E0D0A2020202020202020202020202020202020203C6120687265663D227B24736974652D706174687D3F706167655F69643D7B706167652D69647D22207461726765743D225F746F70223E0D0A20202020202020202020202020202020202020202020202020203C78736C3A76616C75652D6F662073656C6563743D22706167652D6E616D6522202F3E0D0A202020202020202020202020202020202020203C2F613E0D0A202020202020202020202020202020202020203C78736C3A6170706C792D74656D706C617465732073656C6563743D227375626C6576656C2D6D656E752D6C69737422202F3E0D0A202020202020202020202020202020203C2F6C693E0D0A202020202020203C2F78736C3A7768656E3E0D0A202020202020203C78736C3A7768656E20746573743D22706F736974696F6E28293D6C6173742829206F722024696E6465783D3822203E0D0A202020202020202020202020202020202020203C6C6920636C6173733D226C617374223E0D0A202020202020202020202020202020202020202020203C6120687265663D227B24736974652D706174687D3F706167655F69643D7B706167652D69647D22207461726765743D225F746F70223E0D0A2020202020202020202020202020202020202020202020202020202020203C78736C3A76616C75652D6F662073656C6563743D22706167652D6E616D6522202F3E0D0A20202020202020202020202020202020202020202020203C2F613E0D0A20202020202020202020202020202020202020202020203C78736C3A6170706C792D74656D706C617465732073656C6563743D227375626C6576656C2D6D656E752D6C69737422202F3E0D0A20202020202020202020202020202020202020203C2F6C693E0D0A202020202020203C2F78736C3A7768656E3E0D0A202020202020203C78736C3A6F74686572776973653E0D0A202020202020202020202020202020202020203C6C693E0D0A202020202020202020202020202020202020202020203C6120687265663D227B24736974652D706174687D3F706167655F69643D7B706167652D69647D22207461726765743D225F746F70223E0D0A2020202020202020202020202020202020202020202020202020202020203C78736C3A76616C75652D6F662073656C6563743D22706167652D6E616D6522202F3E0D0A20202020202020202020202020202020202020202020203C2F613E0D0A20202020202020202020202020202020202020202020203C78736C3A6170706C792D74656D706C617465732073656C6563743D227375626C6576656C2D6D656E752D6C69737422202F3E0D0A20202020202020202020202020202020202020203C2F6C693E0D0A202020202020203C2F78736C3A6F74686572776973653E0D0A20202020202020203C2F78736C3A63686F6F73653E0D0A2020203C2F78736C3A69663E0D0A0D0A3C2F78736C3A74656D706C6174653E0D0A0D0A3C78736C3A74656D706C617465206D617463683D227375626C6576656C2D6D656E752D6C69737422203E0D0A20202020093C756C3E0D0A20092020202020202020202020203C78736C3A6170706C792D74656D706C617465732073656C6563743D227375626C6576656C2D6D656E7522202F3E0D0A20202020202020203C2F756C3E0D0A3C2F78736C3A74656D706C6174653E0D0A0D0A3C78736C3A74656D706C617465206D617463683D227375626C6576656C2D6D656E75223E0D0A2020203C78736C3A7661726961626C65206E616D653D22696E6465785F736F75735F6D656E75223E0D0A2020202020202020203C78736C3A6E756D626572206C6576656C3D2273696E676C6522202F3E0D0A2020203C2F78736C3A7661726961626C653E0D0A0D0A20202020202020203C78736C3A63686F6F73653E0D0A20202020202020202020203C78736C3A7768656E20746573743D22706F736974696F6E28293D3122203E0D0A202020202020202020202020203C6C6920636C6173733D226669727374223E0D0A202020202020202020202020202020203C6120687265663D227B24736974652D706174687D3F706167655F69643D7B706167652D69647D22207461726765743D225F746F70223E0D0A0920202020202020202020202020202020202020203C7370616E3E3C78736C3A76616C75652D6F662073656C6563743D22706167652D6E616D6522202F3E3C2F7370616E3E0D0A202020202020202020202020202020203C2F613E0D0A20202020202020202020202020203C2F6C693E0D0A20202020202020202020203C2F78736C3A7768656E3E0D0A20202020202020202020203C78736C3A7768656E20746573743D22706F736974696F6E28293D6C617374282922203E0D0A202020202020202020202020203C6C6920636C6173733D226C617374223E0D0A202020202020202020202020202020203C6120687265663D227B24736974652D706174687D3F706167655F69643D7B706167652D69647D22207461726765743D225F746F70223E0D0A0920202020202020202020202020202020202020203C7370616E3E3C78736C3A76616C75652D6F662073656C6563743D22706167652D6E616D6522202F3E3C2F7370616E3E0D0A202020202020202020202020202020203C2F613E0D0A20202020202020202020202020203C2F6C693E0D0A20202020202020202020203C2F78736C3A7768656E3E0D0A20202020202020202020203C78736C3A6F74686572776973653E0D0A2020202020202020202020202020203C6C693E0D0A202020202020202020202020202020203C6120687265663D227B24736974652D706174687D3F706167655F69643D7B706167652D69647D22207461726765743D225F746F70223E0D0A0920202020202020202020202020202020202020203C7370616E3E3C78736C3A76616C75652D6F662073656C6563743D22706167652D6E616D6522202F3E3C2F7370616E3E0D0A202020202020202020202020202020203C2F613E0D0A20202020202020202020202020203C2F6C693E0D0A20202020202020202020203C2F78736C3A6F74686572776973653E0D0A20202020202020203C2F78736C3A63686F6F73653E0D0A0D0A3C2F78736C3A74656D706C6174653E0D0A0D0A3C2F78736C3A7374796C6573686565743E0D0A),
 (211,'Menu Init','menu_init.xsl',0x3C3F786D6C2076657273696F6E3D22312E30223F3E0D0A3C78736C3A7374796C6573686565742076657273696F6E3D22312E302220786D6C6E733A78736C3D22687474703A2F2F7777772E77332E6F72672F313939392F58534C2F5472616E73666F726D223E0D0A0D0A3C78736C3A706172616D206E616D653D22736974652D70617468222073656C6563743D22736974652D7061746822202F3E0D0A0D0A3C78736C3A74656D706C617465206D617463683D226D656E752D6C697374223E0D0A3C6272202F3E3C6272202F3E0D0A093C6469762069643D226D656E752D696E6974223E0D0A09093C6469762069643D226D656E752D696E69742D636F6E74656E74223E0D0A2020202020202020202020203C756C2069643D226D656E752D7665727469223E0D0A202020202020202020202020202020203C78736C3A6170706C792D74656D706C617465732073656C6563743D226D656E7522202F3E0D0A2020202020202020202020203C2F756C3E0D0A20202020202020203C2F6469763E0D0A20202020203C2F6469763E0D0A3C2F78736C3A74656D706C6174653E0D0A0D0A0D0A3C78736C3A74656D706C617465206D617463683D226D656E75223E0D0A202020203C78736C3A7661726961626C65206E616D653D22696E646578223E0D0A20202020093C78736C3A6E756D626572206C6576656C3D2273696E676C6522202F3E0D0A202020203C2F78736C3A7661726961626C653E0D0A0D0A202020203C78736C3A696620746573743D2224696E646578202667743B2037223E0D0A20202020202020203C6C6920636C6173733D2266697273742D7665727469223E0D0A2020202020202020093C6120687265663D227B24736974652D706174687D3F706167655F69643D7B706167652D69647D22207461726765743D225F746F70223E0D0A2020202020202020202009093C78736C3A76616C75652D6F662073656C6563743D22706167652D6E616D6522202F3E0D0A0920202020202020203C2F613E0D0A2020202009202020203C78736C3A6170706C792D74656D706C617465732073656C6563743D227375626C6576656C2D6D656E752D6C69737422202F3E0D0A20202020202020203C2F6C693E0D0A2020203C2F78736C3A69663E0D0A3C2F78736C3A74656D706C6174653E0D0A0D0A3C78736C3A74656D706C617465206D617463683D227375626C6576656C2D6D656E752D6C69737422203E0D0A093C756C3E0D0A20202020093C6C6920636C6173733D226C6173742D7665727469223E0D0A090920093C78736C3A6170706C792D74656D706C617465732073656C6563743D227375626C6576656C2D6D656E7522202F3E0D0A2009202020203C2F6C693E0D0A202020203C2F756C3E0D0A3C2F78736C3A74656D706C6174653E0D0A0D0A3C78736C3A74656D706C617465206D617463683D227375626C6576656C2D6D656E75223E0D0A2020203C78736C3A7661726961626C65206E616D653D22696E6465785F736F75735F6D656E75223E0D0A2020202020202020203C78736C3A6E756D626572206C6576656C3D2273696E676C6522202F3E0D0A2020203C2F78736C3A7661726961626C653E0D0A0D0A2020203C6120687265663D227B24736974652D706174687D3F706167655F69643D7B706167652D69647D22207461726765743D225F746F70223E0D0A09093C7370616E3E3C78736C3A76616C75652D6F662073656C6563743D22706167652D6E616D6522202F3E3C2F7370616E3E0D0A2020203C2F613E0D0A3C2F78736C3A74656D706C6174653E0D0A0D0A3C2F78736C3A7374796C6573686565743E0D0A);
INSERT INTO `core_stylesheet` (`id_stylesheet`,`description`,`file_name`,`source`) VALUES 
 (279,'Plan du Site module d\'Administration','admin_site_map_admin.xsl',0x3C3F786D6C2076657273696F6E3D22312E30223F3E0D0A3C78736C3A7374796C6573686565742076657273696F6E3D22312E302220786D6C6E733A78736C3D22687474703A2F2F7777772E77332E6F72672F313939392F58534C2F5472616E73666F726D223E0D0A0D0A3C78736C3A706172616D206E616D653D22736974652D70617468222073656C6563743D22736974652D7061746822202F3E0D0A3C78736C3A7661726961626C65206E616D653D2263757272656E742D706167652D6964223E0D0A202020093C78736C3A76616C75652D6F662073656C6563743D2263757272656E742D706167652D696422202F3E0D0A3C2F78736C3A7661726961626C653E0D0A0D0A0D0A3C78736C3A74656D706C617465206D617463683D22706167655B706167652D6C6576656C3D305D223E0D0A3C73637269707420747970653D22746578742F6A617661736372697074223E0D0A77696E646F772E6F6E666F6375733D66756E6374696F6E28297B0D0A2020202020202020696E697469616C697A654D656E7528276D656E7531272C20276163747561746F723127293B0D0A2020202020202020203C78736C3A76616C75652D6F662073656C6563743D226373732D696422202F3E0D0A20202020202020206F70656E4D656E7528226163747561746F723C78736C3A76616C75652D6F662073656C6563743D2263757272656E742D706167652D696422202F3E22293B0D0A7D0D0A0D0A66756E6374696F6E206F70656E4D656E75286163747561746F7229207B0D0A0D0A2020202076617220616374203D20646F63756D656E742E676574456C656D656E7442794964286163747561746F72293B0D0A0D0A20202020766172206E49644D656E75203D206163742E706172656E744E6F64652E706172656E744E6F64652E6765744174747269627574652827696427293B0D0A2020202069662028206E49644D656E7520213D20272729207B0D0A0909766172206D656E75203D20646F63756D656E742E676574456C656D656E7442794964286E49644D656E75293B0D0A0D0A0909696620286D656E75203D3D206E756C6C20292072657475726E3B0D0A0D0A0920202020202020206D656E752E706172656E744E6F64652E7374796C652E6261636B67726F756E64496D616765203D2275726C28696D616765732F61646D696E2F736B696E2F6D696E75732E67696629223B0D0A0920202020202020206D656E752E7374796C652E646973706C6179203D2022626C6F636B223B0D0A0D0A20202020092020202020202020766172206E4964416374203D20276163747561746F7227202B206E49644D656E752E7375627374722820342C206E49644D656E752E6C656E677468202D20342020293B0D0A09096F70656E4D656E7528206E496441637420293B0D0A097D0D0A0D0A2020202072657475726E20747275653B0D0A7D0D0A3C2F7363726970743E0D0A0D0A3C7461626C652063656C6C70616464696E673D2230222063656C6C73706163696E673D2230222077696474683D22313030252220626F726465723D2230223E0D0A202020203C74723E0D0A093C746420636C6173733D2261646D696E222077696474683D22313030252220616C69676E3D226C656674223E0D0A2020202020202020202020203C6469762069643D2261646D696E2D736974652D6D656E75223E0D0A202020202020202020202020202020203C756C3E0D0A20202020202020202020202020202020202020203C6C693E0D0A2020202020202020202020202020202020202020202020203C6120687265663D227B24736974652D706174687D3F706167655F69643D7B63757272656E742D706167652D69647D223E236931386E7B706F7274616C2E736974652E61646D696E5F706167652E746162506167654D616E6167656D656E747D203C78736C3A76616C75652D6F662073656C6563743D2263757272656E742D706167652D696422202F3E3C2F613E0D0A20202020202020202020202020202020202020203C2F6C693E0D0A20202020202020202020202020202020202020203C6C692069643D2263757272656E74223E0D0A2020202020202020202020202020202020202020202020203C6120687265663D227B24736974652D706174687D3F706167655F69643D7B63757272656E742D706167652D69647D223E236931386E7B706F7274616C2E736974652E61646D696E5F706167652E74616241646D696E4D6170536974657D3C2F613E0D0A20202020202020202020202020202020202020203C2F6C693E0D0A09093C2F756C3E0D0A2020202020202020202020203C2F6469763E0D0A093C2F74643E0D0A202020203C2F74723E0D0A3C2F7461626C653E0D0A0D0A3C756C3E0D0A202020203C6C6920636C6173733D22747265652D6D656E752D6D656E75626172223E0D0A20202020202020203C6120687265663D2223222069643D226163747561746F72312220636C6173733D22747265652D6D656E752D6163747561746F72223E0D0A2020202020202020202020203C78736C3A76616C75652D6F662073656C6563743D22706167652D6E616D6522202F3E0D0A093C2F613E0D0A093C78736C3A696620746573743D226E6F7428737472696E6728706167652D726F6C65293D276E6F6E652729223E3C6272202F3E0D0A2020202020202020202020203C7370616E20636C6173733D22636F6C6F726564223E0D0A202020202020202020202020202020203C78736C3A746578742064697361626C652D6F75747075742D6573636170696E673D22796573223E0D0A2020202020202020202020202020202020202020236931386E7B706F7274616C2E736974652E61646D696E5F706167652E74616241646D696E4D6170526F6C6552657365727665647D0D0A202020202020202020202020202020203C2F78736C3A746578743E0D0A2020202020202020202020203C2F7370616E3E0D0A2020202020202020202020203C78736C3A76616C75652D6F662073656C6563743D22706167652D726F6C6522202F3E0D0A093C2F78736C3A69663E0D0A0D0A20202020202020203C78736C3A696620746573743D226E6F7428737472696E6728706167652D6465736372697074696F6E293D272729223E0D0A093C6272202F3E0D0A2020202020202020202020203C7374726F6E673E0D0A202020202020202020202020202020203C78736C3A746578742064697361626C652D6F75747075742D6573636170696E673D22796573223E0D0A2020202020202020202020202020202020202020236931386E7B706F7274616C2E736974652E61646D696E5F706167652E74616241646D696E4D61704465736372697074696F6E7D0D0A09093C2F78736C3A746578743E0D0A2020202020202020202020203C2F7374726F6E673E0D0A2020202020202020202020203C78736C3A6170706C792D74656D706C617465732073656C6563743D22706167652D6465736372697074696F6E22202F3E0D0A20202020202020203C2F78736C3A69663E0D0A090D0A20202020202020203C756C2069643D226D656E757B706167652D69647D2220636C6173733D22747265652D6D656E752D6D656E75223E0D0A2020202020202020202020203C78736C3A6170706C792D74656D706C617465732073656C6563743D226368696C642D70616765732D6C69737422202F3E0D0A093C2F756C3E0D0A202020203C2F6C693E0D0A3C2F756C3E0D0A3C2F78736C3A74656D706C6174653E0D0A0D0A3C78736C3A74656D706C617465206D617463683D22706167655B706167652D6C6576656C3E305D22203E0D0A202020203C6C693E0D0A20202020202020203C6120687265663D2223222069643D226163747561746F727B706167652D69647D2220636C6173733D22747265652D6D656E752D6163747561746F72223E203C2F613E0D0A093C6120687265663D227B24736974652D706174687D3F706167655F69643D7B706167652D69647D223E0D0A2020202020202020202020203C78736C3A76616C75652D6F662073656C6563743D22706167652D6E616D6522202F3E0D0A093C2F613E0D0A093C78736C3A696620746573743D226E6F7428737472696E6728706167652D726F6C65293D276E6F6E652729223E3C6272202F3E0D0A2020202020202020202020203C7370616E20636C6173733D22636F6C6F726564223E0D0A202020202020202020202020202020203C78736C3A746578742064697361626C652D6F75747075742D6573636170696E673D22796573223E0D0A2020202020202020202020202020202020202020236931386E7B706F7274616C2E736974652E61646D696E5F706167652E74616241646D696E4D6170526F6C6552657365727665647D0D0A202020202020202020202020202020203C2F78736C3A746578743E0D0A2020202020202020202020203C2F7370616E3E200D0A2020202020202020202020203C78736C3A76616C75652D6F662073656C6563743D22706167652D726F6C6522202F3E0D0A093C2F78736C3A69663E0D0A0D0A20202020202020203C78736C3A696620746573743D226E6F7428737472696E6728706167652D6465736372697074696F6E293D272729223E0D0A2020202020202020202020203C6272202F3E0D0A2020202020202020202020203C7374726F6E673E0D0A202020202020202020202020202020203C78736C3A746578742064697361626C652D6F75747075742D6573636170696E673D22796573223E0D0A2020202020202020202020202020202020202020236931386E7B706F7274616C2E736974652E61646D696E5F706167652E74616241646D696E4D61704465736372697074696F6E7D0D0A202020202020202020202020202020203C2F78736C3A746578743E0D0A2020202020202020202020203C2F7374726F6E673E0D0A2020202020202020202020203C78736C3A6170706C792D74656D706C617465732073656C6563743D22706167652D6465736372697074696F6E22202F3E0D0A20202020202020203C2F78736C3A69663E0D0A0D0A20202020202020203C78736C3A63686F6F73653E0D0A2020202020202020202020203C78736C3A7768656E20746573743D22636F756E74286368696C642D70616765732D6C6973742F2A293E30223E0D0A202020202020202020202020202020203C756C2069643D226D656E757B706167652D69647D2220636C6173733D22747265652D6D656E752D6D656E75223E0D0A20202020202020202020202020202020202020203C78736C3A6170706C792D74656D706C617465732073656C6563743D226368696C642D70616765732D6C69737422202F3E0D0A09093C2F756C3E0D0A2020202020202020202020203C2F78736C3A7768656E3E0D0A093C78736C3A6F74686572776973653E0D0A2020202020202020202020203C78736C3A6170706C792D74656D706C617465732073656C6563743D226368696C642D70616765732D6C69737422202F3E0D0A093C2F78736C3A6F74686572776973653E0D0A093C2F78736C3A63686F6F73653E0D0A202020203C2F6C693E0D0A3C2F78736C3A74656D706C6174653E0D0A0D0A3C78736C3A74656D706C617465206D617463683D22706167652D6465736372697074696F6E223E0D0A093C78736C3A76616C75652D6F662073656C6563743D222E22202F3E0D0A3C2F78736C3A74656D706C6174653E0D0A0D0A3C78736C3A74656D706C617465206D617463683D226368696C642D70616765732D6C697374223E0D0A093C78736C3A6170706C792D74656D706C617465732073656C6563743D227061676522202F3E0D0A3C2F78736C3A74656D706C6174653E0D0A0D0A3C2F78736C3A7374796C6573686565743E0D0A),
 (217,'Plan du site','site_map.xsl',0x3C3F786D6C2076657273696F6E3D22312E302220656E636F64696E673D2249534F2D383835392D31223F3E0D0A3C78736C3A7374796C6573686565742076657273696F6E3D22312E302220786D6C6E733A78736C3D22687474703A2F2F7777772E77332E6F72672F313939392F58534C2F5472616E73666F726D223E0D0A0D0A3C78736C3A706172616D206E616D653D22736974652D70617468222073656C6563743D22736974652D7061746822202F3E0D0A0D0A0D0A3C78736C3A74656D706C617465206D617463683D22706167655B706167652D6C6576656C3D305D223E0D0A3C6469762069643D226F6E652D7A6F6E652D6669727374223E0D0A09093C6469762069643D226F6E652D7A6F6E652D66697273742D636F6E74656E74223E0D0A0909093C683220636C6173733D22706167652D7469746C65223E506C616E20647520536974653C2F68323E0D0A0909093C78736C3A6170706C792D74656D706C617465732073656C6563743D226368696C642D70616765732D6C69737422202F3E0D0A09093C2F6469763E0D0A093C2F6469763E0D0A3C2F78736C3A74656D706C6174653E0D0A0D0A0D0A3C78736C3A74656D706C617465206D617463683D22706167655B706167652D6C6576656C3D315D22203E0D0A3C756C20636C6173733D22736974652D6D61702D6C6576656C2D6F6E65223E0D0A093C6C693E0D0A09093C6120687265663D227B24736974652D706174687D3F706167655F69643D7B706167652D69647D22207461726765743D225F746F70223E0D0A0909093C78736C3A76616C75652D6F662073656C6563743D22706167652D6E616D6522202F3E0D0A09093C2F613E0D0A09093C78736C3A6170706C792D74656D706C617465732073656C6563743D22706167652D6465736372697074696F6E22202F3E0D0A09093C78736C3A6170706C792D74656D706C617465732073656C6563743D22706167652D696D61676522202F3E0D0A09093C78736C3A6170706C792D74656D706C617465732073656C6563743D226368696C642D70616765732D6C69737422202F3E0D0A09202020203C78736C3A746578742064697361626C652D6F75747075742D6573636170696E673D22796573223E0D0A0909202020203C215B43444154415B3C64697620636C6173733D22636C656172223E26233136303B3C2F6469763E5D5D3E0D0A09202020203C2F78736C3A746578743E0D0A093C2F6C693E0D0A3C2F756C3E0D0A3C2F78736C3A74656D706C6174653E0D0A0D0A0D0A3C78736C3A74656D706C617465206D617463683D22706167655B706167652D6C6576656C3D325D22203E0D0A3C756C20636C6173733D22736974652D6D61702D6C6576656C2D74776F223E0D0A093C6C693E0D0A09093C6120687265663D227B24736974652D706174687D3F706167655F69643D7B706167652D69647D22207461726765743D225F746F70223E0D0A0909093C78736C3A76616C75652D6F662073656C6563743D22706167652D6E616D6522202F3E0D0A09093C2F613E0D0A09093C78736C3A6170706C792D74656D706C617465732073656C6563743D22706167652D6465736372697074696F6E22202F3E0D0A09093C78736C3A6170706C792D74656D706C617465732073656C6563743D226368696C642D70616765732D6C69737422202F3E0D0A093C2F6C693E0D0A3C2F756C3E0D0A3C2F78736C3A74656D706C6174653E0D0A0D0A0D0A3C78736C3A74656D706C617465206D617463683D22706167655B706167652D6C6576656C3E325D22203E0D0A3C756C20636C6173733D22736974652D6D61702D6C6576656C2D68696768657374223E0D0A093C6C693E0D0A09093C6120687265663D227B24736974652D706174687D3F706167655F69643D7B706167652D69647D22207461726765743D225F746F70223E0D0A0909093C78736C3A76616C75652D6F662073656C6563743D22706167652D6E616D6522202F3E0D0A09093C2F613E0D0A09093C78736C3A6170706C792D74656D706C617465732073656C6563743D22706167652D6465736372697074696F6E22202F3E0D0A09093C78736C3A6170706C792D74656D706C617465732073656C6563743D226368696C642D70616765732D6C69737422202F3E0D0A093C2F6C693E0D0A3C2F756C3E0D0A3C2F78736C3A74656D706C6174653E0D0A0D0A0D0A3C78736C3A74656D706C617465206D617463683D22706167652D6465736372697074696F6E223E0D0A093C6272202F3E3C78736C3A76616C75652D6F662073656C6563743D222E22202F3E0D0A3C2F78736C3A74656D706C6174653E0D0A0D0A0D0A3C78736C3A74656D706C617465206D617463683D226368696C642D70616765732D6C6973745B706167652D6C6576656C3D305D223E0D0A093C78736C3A696620746573743D22636F756E742870616765293E3022203E0D0A09093C78736C3A6170706C792D74656D706C617465732073656C6563743D227061676522202F3E0D0A202020203C2F78736C3A69663E0D0A3C2F78736C3A74656D706C6174653E0D0A0D0A0D0A3C78736C3A74656D706C617465206D617463683D226368696C642D70616765732D6C6973745B706167652D6C6576656C3D315D223E0D0A093C78736C3A696620746573743D22636F756E742870616765293E3022203E0D0A09093C78736C3A6170706C792D74656D706C617465732073656C6563743D227061676522202F3E0D0A202020203C2F78736C3A69663E0D0A3C2F78736C3A74656D706C6174653E0D0A0D0A0D0A3C78736C3A74656D706C617465206D617463683D226368696C642D70616765732D6C6973745B706167652D6C6576656C3D325D223E0D0A093C78736C3A696620746573743D22636F756E742870616765293E3022203E0D0A09093C78736C3A6170706C792D74656D706C617465732073656C6563743D227061676522202F3E0D0A202020203C2F78736C3A69663E0D0A3C2F78736C3A74656D706C6174653E0D0A0D0A3C78736C3A74656D706C617465206D617463683D226368696C642D70616765732D6C6973745B706167652D6C6576656C3E325D223E0D0A093C78736C3A696620746573743D22636F756E742870616765293E3022203E0D0A09093C78736C3A6170706C792D74656D706C617465732073656C6563743D227061676522202F3E0D0A202020203C2F78736C3A69663E0D0A3C2F78736C3A74656D706C6174653E0D0A0D0A0D0A3C78736C3A74656D706C617465206D617463683D22706167652D696D616765223E0D0A093C64697620636C6173733D226C6576656C2D6F6E652D696D616765223E0D0A20202020093C64697620636C6173733D22706F6C61726F6964223E0D0A0909093C696D672020626F726465723D2230222077696474683D22383022206865696768743D22383022207372633D227B2E7D2220616C743D2222202F3E0D0A2020202020202020203C2F6469763E0D0A093C2F646976203E0D0A3C2F78736C3A74656D706C6174653E0D0A0D0A0D0A3C2F78736C3A7374796C6573686565743E0D0A);
/*!40000 ALTER TABLE `core_stylesheet` ENABLE KEYS */;


--
-- Dumping data for table `core_user_right`
--

/*!40000 ALTER TABLE `core_user_right` DISABLE KEYS */;
INSERT INTO `core_user_right` (`id_right`,`id_user`) VALUES 
 ('CORE_ADMIN_SITE',1),
 ('CORE_ADMIN_SITE',2),
 ('CORE_CACHE_MANAGEMENT',1),
 ('CORE_DAEMONS_MANAGEMENT',1),
 ('CORE_FEATURES_MANAGEMENT',1),
 ('CORE_LOGS_VISUALISATION',1),
 ('CORE_MODES_MANAGEMENT',1),
 ('CORE_PAGE_TEMPLATE_MANAGEMENT',1),
 ('CORE_PAGE_TEMPLATE_MANAGEMENT',2),
 ('CORE_PLUGINS_MANAGEMENT',1),
 ('CORE_PROPERTIES_MANAGEMENT',1),
 ('CORE_PROPERTIES_MANAGEMENT',2),
 ('CORE_RBAC_MANAGEMENT',1),
 ('CORE_SEARCH_INDEXATION',1),
 ('CORE_SEARCH_INDEXATION',2),
 ('CORE_STYLES_MANAGEMENT',1),
 ('CORE_STYLESHEET_MANAGEMENT',1),
 ('CORE_USERS_MANAGEMENT',1),
 ('CORE_USERS_MANAGEMENT',2),
 ('CORE_WORKGROUPS_MANAGEMENT',1),
 ('CORE_WORKGROUPS_MANAGEMENT',2),
 ('CORE_ROLES_MANAGEMENT',1),
 ('CORE_ROLES_MANAGEMENT',2),
 ('CORE_GROUPS_MANAGEMENT',1),
 ('CORE_GROUPS_MANAGEMENT',2),
 ('CORE_MAILINGLISTS_MANAGEMENT',1);
/*!40000 ALTER TABLE `core_user_right` ENABLE KEYS */;


--
-- Dumping data for table `core_user_role`
--

/*!40000 ALTER TABLE `core_user_role` DISABLE KEYS */;
INSERT INTO `core_user_role` (`role_key`,`id_user`) VALUES 
 ('all_site_manager',1),
 ('all_site_manager',2),
 ('super_admin',1);
/*!40000 ALTER TABLE `core_user_role` ENABLE KEYS */;




/*!40101 SET SQL_MODE=@OLD_SQL_MODE */;
/*!40014 SET FOREIGN_KEY_CHECKS=@OLD_FOREIGN_KEY_CHECKS */;
/*!40014 SET UNIQUE_CHECKS=@OLD_UNIQUE_CHECKS */;
/*!40101 SET CHARACTER_SET_CLIENT=@OLD_CHARACTER_SET_CLIENT */;
/*!40101 SET CHARACTER_SET_RESULTS=@OLD_CHARACTER_SET_RESULTS */;
/*!40101 SET COLLATION_CONNECTION=@OLD_COLLATION_CONNECTION */;
/*!40101 SET CHARACTER_SET_CLIENT=@OLD_CHARACTER_SET_CLIENT */;
