INSERT INTO core_admin_dashboard(dashboard_name, dashboard_column, dashboard_order) VALUES('usersAdminDashboardComponent', 1, 1);
INSERT INTO core_admin_dashboard(dashboard_name, dashboard_column, dashboard_order) VALUES('searchAdminDashboardComponent', 1, 2);
INSERT INTO core_admin_dashboard(dashboard_name, dashboard_column, dashboard_order) VALUES('editorAdminDashboardComponent', 1, 3);
INSERT INTO core_admin_dashboard(dashboard_name, dashboard_column, dashboard_order) VALUES('autoIncludesAdminDashboardComponent', 1, 4);
INSERT INTO core_admin_dashboard(dashboard_name, dashboard_column, dashboard_order) VALUES('featuresAdminDashboardComponent', 1, 5);
INSERT INTO core_admin_dashboard(dashboard_name, dashboard_column, dashboard_order) VALUES('xslExportAdminDashboardComponent', 1, 6);

INSERT INTO core_admin_right VALUES ('CORE_ADMIN_SITE','portal.site.adminFeature.admin_site.name',2,'jsp/admin/site/AdminSite.jsp','portal.site.adminFeature.admin_site.description',1,NULL,'SITE','images/admin/skin/features/admin_site.png','jsp/admin/documentation/AdminDocumentation.jsp?doc=admin-site',1, 0);
INSERT INTO core_admin_right VALUES ('CORE_CACHE_MANAGEMENT','portal.system.adminFeature.cache_management.name',0,'jsp/admin/system/ManageCaches.jsp','portal.system.adminFeature.cache_management.description',1,NULL,'SYSTEM','images/admin/skin/features/manage_caches.png',NULL,1, 0);
INSERT INTO core_admin_right VALUES ('CORE_SEARCH_INDEXATION','portal.search.adminFeature.indexer.name',0,'jsp/admin/search/ManageSearchIndexation.jsp','portal.search.adminFeature.indexer.description',0,NULL,'SYSTEM',NULL,NULL,2, 0);
INSERT INTO core_admin_right VALUES ('CORE_SEARCH_MANAGEMENT','portal.search.adminFeature.search_management.name',0,NULL,'portal.search.adminFeature.search_management.description',0,NULL,'SYSTEM',NULL,NULL,3, 0);
INSERT INTO core_admin_right VALUES ('CORE_LOGS_VISUALISATION','portal.system.adminFeature.logs_visualisation.name',0,'jsp/admin/system/ManageFilesSystem.jsp','portal.system.adminFeature.logs_visualisation.description',1,NULL,'SYSTEM','images/admin/skin/features/view_logs.png',NULL,4, 0);
INSERT INTO core_admin_right VALUES ('CORE_PAGE_TEMPLATE_MANAGEMENT','portal.style.adminFeature.page_template_management.name',0,'jsp/admin/style/ManagePageTemplates.jsp','portal.style.adminFeature.page_template_management.description',0,NULL,'STYLE','images/admin/skin/features/manage_page_templates.png',NULL,2, 0);
INSERT INTO core_admin_right VALUES ('CORE_PLUGINS_MANAGEMENT','portal.system.adminFeature.plugins_management.name',0,'jsp/admin/system/ManagePlugins.jsp','portal.system.adminFeature.plugins_management.description',1,NULL,'SYSTEM','images/admin/skin/features/manage_plugins.png',NULL,5, 0);
INSERT INTO core_admin_right VALUES ('CORE_PROPERTIES_MANAGEMENT','portal.site.adminFeature.properties_management.name',2,'jsp/admin/ManageProperties.jsp','portal.site.adminFeature.properties_management.description',0,NULL,'SITE',NULL,'jsp/admin/documentation/AdminDocumentation.jsp?doc=admin-properties',2, 0);
INSERT INTO core_admin_right VALUES ('CORE_STYLESHEET_MANAGEMENT','portal.style.adminFeature.stylesheet_management.name',0,'jsp/admin/style/ManageStyleSheets.jsp','portal.style.adminFeature.stylesheet_management.description',1,NULL,'STYLE','images/admin/skin/features/manage_stylesheets.png',NULL,3, 0);
INSERT INTO core_admin_right VALUES ('CORE_STYLES_MANAGEMENT','portal.style.adminFeature.styles_management.name',0,'jsp/admin/style/ManageStyles.jsp','portal.style.adminFeature.styles_management.description',1,NULL,'STYLE','images/admin/skin/features/manage_styles.png',NULL,4, 0);
INSERT INTO core_admin_right VALUES ('CORE_USERS_MANAGEMENT','portal.users.adminFeature.users_management.name',2,'jsp/admin/user/ManageUsers.jsp','portal.users.adminFeature.users_management.description',1,'','MANAGERS','images/admin/skin/features/manage_users.png',NULL,1, 0);
INSERT INTO core_admin_right VALUES ('CORE_FEATURES_MANAGEMENT','portal.admin.adminFeature.features_management.name',0,NULL,'portal.admin.adminFeature.features_management.description',0,NULL,'SYSTEM','images/admin/skin/features/manage_features.png',NULL,6, 0);
INSERT INTO core_admin_right VALUES ('CORE_RBAC_MANAGEMENT','portal.rbac.adminFeature.rbac_management.name',0,'jsp/admin/rbac/ManageRoles.jsp','portal.rbac.adminFeature.rbac_management.description',0,'','MANAGERS','images/admin/skin/features/manage_rbac.png',NULL,2, 0);
INSERT INTO core_admin_right VALUES ('CORE_DAEMONS_MANAGEMENT','portal.system.adminFeature.daemons_management.name',0,'jsp/admin/system/ManageDaemons.jsp','portal.system.adminFeature.daemons_management.description',0,NULL,'SYSTEM',NULL,NULL,7, 0);
INSERT INTO core_admin_right VALUES ('CORE_WORKGROUPS_MANAGEMENT','portal.workgroup.adminFeature.workgroups_management.name',2,'jsp/admin/workgroup/ManageWorkgroups.jsp','portal.workgroup.adminFeature.workgroups_management.description',0,NULL,'MANAGERS','images/admin/skin/features/manage_workgroups.png',NULL,3, 0);
INSERT INTO core_admin_right VALUES ('CORE_ROLES_MANAGEMENT','portal.role.adminFeature.roles_management.name',2,'jsp/admin/role/ManagePageRole.jsp','portal.role.adminFeature.roles_management.description',0,NULL,'USERS','images/admin/skin/features/manage_roles.png',NULL,1, 0);
INSERT INTO core_admin_right VALUES ('CORE_MAILINGLISTS_MANAGEMENT','portal.mailinglist.adminFeature.mailinglists_management.name',2,'jsp/admin/mailinglist/ManageMailingLists.jsp','portal.mailinglist.adminFeature.mailinglists_management.description',0,NULL,'MANAGERS','images/admin/skin/features/manage_mailinglists.png',NULL,4, 0);
INSERT INTO core_admin_right VALUES ('CORE_LEVEL_RIGHT_MANAGEMENT','portal.users.adminFeature.level_right_management.name',2,NULL,'portal.users.adminFeature.level_right_management.description',0,NULL,'MANAGERS','images/admin/skin/features/manage_rights_levels.png',NULL,5, 0);
INSERT INTO core_admin_right VALUES ('CORE_LINK_SERVICE_MANAGEMENT','portal.insert.adminFeature.linkService_management.name',2,NULL,'portal.insert.adminFeature.linkService_management.description',0,NULL,NULL,NULL,NULL,1, 0);
INSERT INTO core_admin_right VALUES ('CORE_RIGHT_MANAGEMENT', 'portal.users.adminFeature.right_management.name', 0, 'jsp/admin/features/ManageRights.jsp', 'portal.users.adminFeature.right_management.description', 0, NULL, 'MANAGERS', 'images/admin/skin/features/manage_rights_levels.png', NULL, 5, 0);
INSERT INTO core_admin_right VALUES ('CORE_ADMINDASHBOARD_MANAGEMENT', 'portal.admindashboard.adminFeature.right_management.name', 0, NULL, 'portal.admindashboard.adminFeature.right_management.description', 0, NULL, 'SYSTEM', 'images/admin/skin/features/manage_admindashboards.png', NULL, 8, 0);
INSERT INTO core_admin_right VALUES ('CORE_DASHBOARD_MANAGEMENT', 'portal.dashboard.adminFeature.dashboard_management.name', 0, NULL, 'portal.dashboard.adminFeature.dashboard_management.description', 0, NULL, 'SYSTEM', 'images/admin/skin/features/manage_dashboards.png', NULL, 9, 0);
INSERT INTO core_admin_right VALUES ('CORE_XSL_EXPORT_MANAGEMENT', 'portal.xsl.adminFeature.xsl_export_management.name', 2, NULL, 'portal.xsl.adminFeature.xsl_export_management.description', 1, NULL, 'SYSTEM', NULL, NULL, 10, 0);
INSERT INTO core_admin_right VALUES ('CORE_TEMPLATES_AUTO_INCLUDES_MANAGEMENT', 'portal.templates.adminFeature.ManageAutoIncludes.name', 1, NULL,'portal.templates.adminFeature.ManageAutoIncludes.description',1,NULL,'STYLE','images/admin/skin/features/manage_templates.png',NULL,4, 0);
INSERT INTO core_admin_right VALUES ('CORE_EDITORS_MANAGEMENT', 'portal.admindashboard.editorManagement.right.name', 2, NULL, 'portal.admindashboard.editorManagement.right.description', 1, NULL, 'SYSTEM', NULL, NULL, 10, 0);


INSERT INTO core_admin_role VALUES ('all_site_manager','Site Manager');
INSERT INTO core_admin_role VALUES ('super_admin','Super Administrateur');

INSERT INTO core_admin_role_resource VALUES (57,'all_site_manager','PAGE','*','VIEW');
INSERT INTO core_admin_role_resource VALUES (58,'all_site_manager','PAGE','*','MANAGE');
INSERT INTO core_admin_role_resource VALUES (77,'super_admin','INSERT_SERVICE','*','*');
INSERT INTO core_admin_role_resource VALUES (101,'all_site_manager','PORTLET_TYPE','*','*');
INSERT INTO core_admin_role_resource VALUES (111,'all_site_manager', 'ADMIN_USER', '*', '*');
INSERT INTO core_admin_role_resource VALUES (137,'all_site_manager', 'SEARCH_SERVICE', '*', '*');
INSERT INTO core_admin_role_resource VALUES (164,'all_site_manager', 'XSL_EXPORT', '*', '*');

-- default accounts; password storage will be upgraded on first login
INSERT INTO core_admin_user (access_code,last_name,first_name,email,status,password,locale,level_user,reset_password,accessibility_mode,password_max_valid_date,account_max_valid_date,nb_alerts_sent,last_login,workgroup_key) VALUES ('admin','Admin','admin','admin@lutece.fr',0,'PLAINTEXT:adminadmin','fr',0,0,0,'1980-01-01 00:00:00',null,0,'1980-01-01 00:00:00','all');
INSERT INTO core_admin_user (access_code,last_name,first_name,email,status,password,locale,level_user,reset_password,accessibility_mode,password_max_valid_date,account_max_valid_date,nb_alerts_sent,last_login,workgroup_key) VALUES ('lutece','Lutèce','lutece','lutece@lutece.fr',1,'PLAINTEXT:adminadmin','fr',1,0,0,'1980-01-01 00:00:00',null,0,'1980-01-01 00:00:00','all');
INSERT INTO core_admin_user (access_code,last_name,first_name,email,status,password,locale,level_user,reset_password,accessibility_mode,password_max_valid_date,account_max_valid_date,nb_alerts_sent,last_login,workgroup_key) VALUES ('redac','redac','redac','redac@lutece.fr',1,'PLAINTEXT:adminadmin','fr',2,0,0,'1980-01-01 00:00:00',null,0,'1980-01-01 00:00:00','all');
INSERT INTO core_admin_user (access_code,last_name,first_name,email,status,password,locale,level_user,reset_password,accessibility_mode,password_max_valid_date,account_max_valid_date,nb_alerts_sent,last_login,workgroup_key) VALUES ('valid','valid','valid','valid@lutece.fr',1,'PLAINTEXT:adminadmin','fr',3,0,0,'1980-01-01 00:00:00',null,0,'1980-01-01 00:00:00','all');

INSERT INTO core_dashboard(dashboard_name, dashboard_column, dashboard_order) VALUES('CORE_SYSTEM', 1, 2);
INSERT INTO core_dashboard(dashboard_name, dashboard_column, dashboard_order) VALUES('CORE_USERS', 1, 1);
INSERT INTO core_dashboard(dashboard_name, dashboard_column, dashboard_order) VALUES('CORE_USER', 4, 1);
INSERT INTO core_dashboard(dashboard_name, dashboard_column, dashboard_order) VALUES('CORE_PAGES', 2, 1);

INSERT INTO core_feature_group VALUES ('CONTENT','portal.features.group.content.description','portal.features.group.content.label',1);
INSERT INTO core_feature_group VALUES ('APPLICATIONS','portal.features.group.applications.description','portal.features.group.applications.label',3);
INSERT INTO core_feature_group VALUES ('SYSTEM','portal.features.group.system.description','portal.features.group.system.label',7);
INSERT INTO core_feature_group VALUES ('SITE','portal.features.group.site.description','portal.features.group.site.label',2);
INSERT INTO core_feature_group VALUES ('STYLE','portal.features.group.charter.description','portal.features.group.charter.label',6);
INSERT INTO core_feature_group VALUES ('USERS','portal.features.group.users.description','portal.features.group.users.label',4);
INSERT INTO core_feature_group VALUES ('MANAGERS','portal.features.group.managers.description','portal.features.group.managers.label',5);

INSERT INTO core_level_right VALUES (0,'Level 0 - Technical administrator');
INSERT INTO core_level_right VALUES (1,'Level 1 - Fonctionnal administrator');
INSERT INTO core_level_right VALUES (2,'Level 2 - Site Manager - Webmaster');
INSERT INTO core_level_right VALUES (3,'Level 3 - Contributor');

INSERT INTO core_mode VALUES (0,'Normal','normal/','xml','1.0','text/xml','UTF-8','yes','yes',null);
INSERT INTO core_mode VALUES (1,'Administration','admin/','xml','1.0','text/xml','UTF-8','yes','yes',null);
INSERT INTO core_mode VALUES (2,'Wap','wml/','xml','1.0','text/xml','UTF-8','yes','yes',null);

INSERT INTO core_page (id_parent,name,description,date_update,status,page_order,id_template,date_creation,role,code_theme,node_status,image_content,mime_type,meta_keywords,meta_description,id_authorization_node,display_date_update,is_manual_date_update) VALUES (0,'Home','Home Page','2014-06-08 17:20:44',1,1,4,'2003-09-09 00:38:01','none','default',0,'','application/octet-stream',NULL,NULL,1,0,0);
INSERT INTO core_page (id_parent,name,description,date_update,status,page_order,id_template,date_creation,role,code_theme,node_status,image_content,mime_type,meta_keywords,meta_description,id_authorization_node,display_date_update,is_manual_date_update) VALUES (1,'Page 1','A child page','2014-06-08 18:23:42',0,1,2,'2014-06-08 18:23:42','none','default',1,NULL,'application/octet-stream',NULL,NULL,1,0,0);

INSERT INTO core_page_template (description,file_name,picture) VALUES ('One column','skin/site/page_template1.html','page_template1.gif');
INSERT INTO core_page_template (description,file_name,picture) VALUES ('Two columns','skin/site/page_template2.html','page_template2.gif');
INSERT INTO core_page_template (description,file_name,picture) VALUES ('Three columns','skin/site/page_template3.html','page_template3.gif');
INSERT INTO core_page_template (description,file_name,picture) VALUES ('1 + 2 columns','skin/site/page_template4.html','page_template4.gif');
INSERT INTO core_page_template (description,file_name,picture) VALUES ('Two equal columns','skin/site/page_template5.html','page_template5.gif');
INSERT INTO core_page_template (description,file_name,picture) VALUES ('Three unequal columns','skin/site/page_template6.html','page_template6.gif');

INSERT INTO core_portal_component VALUES (0,'Porlet');
INSERT INTO core_portal_component VALUES (1,'Article');
INSERT INTO core_portal_component VALUES (2,'Article List Portlet');
INSERT INTO core_portal_component VALUES (3,'Menu Init');
INSERT INTO core_portal_component VALUES (4,'Main Menu');
INSERT INTO core_portal_component VALUES (5,'Breadcrum');
INSERT INTO core_portal_component VALUES (6,'Site Map');
INSERT INTO core_portal_component VALUES (7,'Tree View');
INSERT INTO core_portal_component VALUES (8,'Site Map (Admin mode)');

INSERT INTO core_portlet_type VALUES ('ALIAS_PORTLET','portal.site.portletAlias.name','plugins/alias/CreatePortletAlias.jsp','plugins/alias/ModifyPortletAlias.jsp','fr.paris.lutece.portal.business.portlet.AliasPortletHome','alias','plugins/alias/DoCreatePortletAlias.jsp','/admin/portlet/script_create_portlet.html','/admin/portlet/alias/create_portlet_alias.html','','plugins/alias/DoModifyPortletAlias.jsp','/admin/portlet/script_modify_portlet.html','/admin/portlet/alias/modify_portlet_alias.html','');

INSERT INTO core_stylesheet (id_stylesheet, description, file_name, source) VALUES (253,'Child Pages - Tree View','menu_tree.xsl',0x3C3F786D6C2076657273696F6E3D22312E30223F3E0D0A3C78736C3A7374796C6573686565742076657273696F6E3D22312E302220786D6C6E733A78736C3D22687474703A2F2F7777772E77332E6F72672F313939392F58534C2F5472616E73666F726D223E0D0A0D0A3C78736C3A706172616D206E616D653D22736974652D70617468222073656C6563743D22736974652D7061746822202F3E0D0A0D0A3C78736C3A74656D706C617465206D617463683D226D656E752D6C697374223E0D0A093C78736C3A7661726961626C65206E616D653D226D656E752D6C697374222073656C6563743D226D656E7522202F3E0D0A0D0A093C73637269707420747970653D22746578742F6A617661736372697074223E0D0A09092428646F63756D656E74292E72656164792866756E6374696F6E28297B0D0A090909242822237472656522292E7472656576696577287B0D0A09090909616E696D617465643A202266617374222C0D0A09090909636F6C6C61707365643A2066616C73652C0D0A09090909756E697175653A20747275652C0D0A09090909706572736973743A2022636F6F6B6965220D0A0909097D293B0D0A09090D0A09097D293B0D0A093C2F7363726970743E202020200D0A090D0A093C212D2D204D656E752054726565202D2D3E2020202020200D0A093C78736C3A696620746573743D226E6F7428737472696E67286D656E75293D272729223E0D0A09202020203C78736C3A746578742064697361626C652D6F75747075742D6573636170696E673D22796573223E0909202020200D0A2020202020202020202020203C64697620636C6173733D227472656534223E09090D0A0909093C68323E26233136303B3C2F68323E0D0A0909093C756C2069643D22747265652220636C6173733D227472656534223E0D0A202020202020202020202020202020203C78736C3A6170706C792D74656D706C617465732073656C6563743D226D656E7522202F3E20202020202020200D0A0909093C2F756C3E090D0A0909093C2F6469763E0D0A09092009203C6272202F3E0D0A09093C2F78736C3A746578743E200D0A093C2F78736C3A69663E0D0A3C2F78736C3A74656D706C6174653E0D0A0D0A0D0A3C78736C3A74656D706C617465206D617463683D226D656E75223E0D0A202020203C78736C3A7661726961626C65206E616D653D22696E646578223E0D0A20202020093C78736C3A6E756D626572206C6576656C3D2273696E676C65222076616C75653D22706F736974696F6E282922202F3E0D0A202020203C2F78736C3A7661726961626C653E0D0A09093C6C693E0D0A202020203C212D2D3C78736C3A696620746573743D2224696E64657820266C743B2037223E2D2D3E20202020202020200D0A202020202020202020203C6120687265663D227B24736974652D706174687D3F706167655F69643D7B706167652D69647D22207461726765743D225F746F7022203E0D0A2020202020202020202020202020203C78736C3A76616C75652D6F662073656C6563743D22706167652D6E616D6522202F3E0D0A20202020202020202020203C2F613E092020200D0A09092020203C6272202F3E0D0A09092020203C78736C3A76616C75652D6F662073656C6563743D22706167652D6465736372697074696F6E22202F3E0D0A09092020203C212D2D3C78736C3A76616C75652D6F662073656C6563743D22706167652D6465736372697074696F6E22202F3E3C6272202F3E2D2D3E09092020200909090D0A0909093C78736C3A6170706C792D74656D706C617465732073656C6563743D227375626C6576656C2D6D656E752D6C69737422202F3E200D0A0909090D0A09093C2F6C693E20090D0A202020203C212D2D3C2F78736C3A69663E2D2D3E0D0A09090D0A3C2F78736C3A74656D706C6174653E0D0A0D0A3C78736C3A74656D706C617465206D617463683D227375626C6576656C2D6D656E752D6C69737422203E200D0A090D0A093C78736C3A6170706C792D74656D706C617465732073656C6563743D227375626C6576656C2D6D656E7522202F3E200920202020090D0A0D0A3C2F78736C3A74656D706C6174653E0D0A0D0A0D0A3C78736C3A74656D706C617465206D617463683D227375626C6576656C2D6D656E75223E0D0A2020203C78736C3A7661726961626C65206E616D653D22696E6465785F736F75735F6D656E75223E0D0A2020202020202020203C78736C3A6E756D626572206C6576656C3D2273696E676C65222076616C75653D22706F736974696F6E282922202F3E0D0A2020203C2F78736C3A7661726961626C653E0D0A0909203C756C203E0D0A0909093C6C693E0D0A3C212D2D093C7370616E3E202D2D3E0D0A090909093C6120687265663D227B24736974652D706174687D3F706167655F69643D7B706167652D69647D22207461726765743D225F746F70223E0D0A09090909093C78736C3A76616C75652D6F662073656C6563743D22706167652D6E616D6522202F3E0D0A090909093C2F613E0D0A0909093C2F6C693E0909090D0A09093C2F756C3E0D0A093C212D2D3C2F7370616E3E092D2D3E0D0A09090D0A2020200D0A3C2F78736C3A74656D706C6174653E0D0A0D0A3C2F78736C3A7374796C6573686565743E0D0A);
INSERT INTO core_stylesheet (id_stylesheet, description, file_name, source) VALUES (215,'Breadcrum','page_path.xsl',0x3C3F786D6C2076657273696F6E3D22312E30223F3E0D0A3C78736C3A7374796C6573686565742076657273696F6E3D22312E302220786D6C6E733A78736C3D22687474703A2F2F7777772E77332E6F72672F313939392F58534C2F5472616E73666F726D223E0D0A0D0A3C78736C3A706172616D206E616D653D22736974652D70617468222073656C6563743D22736974652D7061746822202F3E0D0A0D0A0D0A3C78736C3A74656D706C617465206D617463683D2270616765223E0D0A09093C78736C3A696620746573743D22706F736974696F6E2829213D6C61737428292D31223E0D0A0909093C6120687265663D227B24736974652D706174687D3F706167655F69643D7B706167652D69647D22207461726765743D225F746F70223E3C78736C3A76616C75652D6F662073656C6563743D22706167652D6E616D6522202F3E3C2F613E203E0D0A09093C2F78736C3A69663E0D0A09093C78736C3A696620746573743D22706F736974696F6E28293D6C61737428292D31223E0D0A0909093C78736C3A76616C75652D6F662073656C6563743D22706167652D6E616D6522202F3E0D0A09093C2F78736C3A69663E0D0A3C2F78736C3A74656D706C6174653E0D0A0D0A0D0A3C78736C3A74656D706C617465206D617463683D22706167655F6C696E6B223E0D0A09093C78736C3A696620746573743D22706F736974696F6E2829213D6C61737428292D31223E0D0A0909093C6120687265663D227B24736974652D706174687D3F7B706167652D75726C7D22207461726765743D225F746F70223E3C78736C3A76616C75652D6F662073656C6563743D22706167652D6E616D6522202F3E3C2F613E203E0D0A09093C2F78736C3A69663E0D0A09093C78736C3A696620746573743D22706F736974696F6E28293D6C61737428292D31223E0D0A0909093C78736C3A76616C75652D6F662073656C6563743D22706167652D6E616D6522202F3E0D0A09093C2F78736C3A69663E0D0A3C2F78736C3A74656D706C6174653E0D0A0D0A0D0A3C2F78736C3A7374796C6573686565743E);
INSERT INTO core_stylesheet (id_stylesheet, description, file_name, source) VALUES (213,'Main Menu','menu_main.xsl',0x3C3F786D6C2076657273696F6E3D22312E30223F3E0D0A3C78736C3A7374796C6573686565742076657273696F6E3D22312E30220D0A09786D6C6E733A78736C3D22687474703A2F2F7777772E77332E6F72672F313939392F58534C2F5472616E73666F726D223E0D0A0D0A093C78736C3A706172616D206E616D653D22736974652D70617468222073656C6563743D22736974652D7061746822202F3E0D0A0D0A093C78736C3A74656D706C617465206D617463683D226D656E752D6C697374223E0D0A09093C78736C3A6170706C792D74656D706C617465732073656C6563743D226D656E7522202F3E0D0A093C2F78736C3A74656D706C6174653E0D0A0D0A093C78736C3A74656D706C617465206D617463683D226D656E75223E0D0A09093C6C693E0D0A0909093C6120687265663D227B24736974652D706174687D3F706167655F69643D7B706167652D69647D2220636C6173733D2266697273742D6C6576656C22207461726765743D225F746F70223E0D0A09090909093C78736C3A76616C75652D6F662073656C6563743D22706167652D6E616D6522202F3E0D0A0909093C2F613E0D0A09093C2F6C693E0D0A093C2F78736C3A74656D706C6174653E0D0A0D0A3C2F78736C3A7374796C6573686565743E0D0A0D0A);
INSERT INTO core_stylesheet (id_stylesheet, description, file_name, source) VALUES (211,'Menu Init','menu_init.xsl',0x3C3F786D6C2076657273696F6E3D22312E30223F3E0D0A3C78736C3A7374796C6573686565742076657273696F6E3D22312E302220786D6C6E733A78736C3D22687474703A2F2F7777772E77332E6F72672F313939392F58534C2F5472616E73666F726D223E0D0A0D0A3C78736C3A706172616D206E616D653D22736974652D70617468222073656C6563743D22736974652D7061746822202F3E0D0A0D0A3C78736C3A74656D706C617465206D617463683D226D656E752D6C697374223E0D0A3C6272202F3E3C6272202F3E0D0A093C6469762069643D226D656E752D696E6974223E0D0A09093C6469762069643D226D656E752D696E69742D636F6E74656E74223E0D0A2020202020202020202020203C756C2069643D226D656E752D7665727469223E0D0A202020202020202020202020202020203C78736C3A6170706C792D74656D706C617465732073656C6563743D226D656E7522202F3E0D0A2020202020202020202020203C2F756C3E0D0A20202020202020203C2F6469763E0D0A20202020203C2F6469763E0D0A3C2F78736C3A74656D706C6174653E0D0A0D0A0D0A3C78736C3A74656D706C617465206D617463683D226D656E75223E0D0A202020203C78736C3A7661726961626C65206E616D653D22696E646578223E0D0A20202020093C78736C3A6E756D626572206C6576656C3D2273696E676C65222076616C75653D22706F736974696F6E282922202F3E0D0A202020203C2F78736C3A7661726961626C653E0D0A0D0A202020203C78736C3A696620746573743D2224696E646578202667743B2037223E0D0A20202020202020203C6C6920636C6173733D2266697273742D7665727469223E0D0A2020202020202020093C6120687265663D227B24736974652D706174687D3F706167655F69643D7B706167652D69647D22207461726765743D225F746F70223E0D0A2020202020202020202009093C78736C3A76616C75652D6F662073656C6563743D22706167652D6E616D6522202F3E0D0A0920202020202020203C2F613E0D0A2020202009202020203C78736C3A6170706C792D74656D706C617465732073656C6563743D227375626C6576656C2D6D656E752D6C69737422202F3E0D0A20202020202020203C2F6C693E0D0A2020203C2F78736C3A69663E0D0A3C2F78736C3A74656D706C6174653E0D0A0D0A3C78736C3A74656D706C617465206D617463683D227375626C6576656C2D6D656E752D6C69737422203E0D0A093C756C3E0D0A20202020093C6C6920636C6173733D226C6173742D7665727469223E0D0A090920093C78736C3A6170706C792D74656D706C617465732073656C6563743D227375626C6576656C2D6D656E7522202F3E0D0A2009202020203C2F6C693E0D0A202020203C2F756C3E0D0A3C2F78736C3A74656D706C6174653E0D0A0D0A3C78736C3A74656D706C617465206D617463683D227375626C6576656C2D6D656E75223E0D0A2020203C78736C3A7661726961626C65206E616D653D22696E6465785F736F75735F6D656E75223E0D0A2020202020202020203C78736C3A6E756D626572206C6576656C3D2273696E676C65222076616C75653D22706F736974696F6E282922202F3E0D0A2020203C2F78736C3A7661726961626C653E0D0A0D0A2020203C6120687265663D227B24736974652D706174687D3F706167655F69643D7B706167652D69647D22207461726765743D225F746F70223E0D0A09093C7370616E3E3C78736C3A76616C75652D6F662073656C6563743D22706167652D6E616D6522202F3E3C2F7370616E3E0D0A2020203C2F613E0D0A3C2F78736C3A74656D706C6174653E0D0A0D0A3C2F78736C3A7374796C6573686565743E0D0A);
INSERT INTO core_stylesheet (id_stylesheet, description, file_name, source) VALUES (217,'Site Map','site_map.xsl',0x3C3F786D6C2076657273696F6E3D22312E302220656E636F64696E673D2249534F2D383835392D31223F3E0D0A3C78736C3A7374796C6573686565742076657273696F6E3D22312E302220786D6C6E733A78736C3D22687474703A2F2F7777772E77332E6F72672F313939392F58534C2F5472616E73666F726D223E0D0A0D0A3C78736C3A706172616D206E616D653D22736974652D70617468222073656C6563743D22736974652D7061746822202F3E0D0A0D0A0D0A3C78736C3A74656D706C617465206D617463683D22706167655B706167652D6C6576656C3D305D223E0D0A093C64697620636C6173733D227370616E2D31352070726570656E642D3120617070656E642D3120617070656E642D626F74746F6D223E0D0A09093C64697620636C6173733D22706F72746C6574202D6C75746563652D626F726465722D726164697573223E0D0A0909093C78736C3A6170706C792D74656D706C617465732073656C6563743D226368696C642D70616765732D6C69737422202F3E0D0A09093C2F6469763E0D0A093C2F6469763E0D0A3C2F78736C3A74656D706C6174653E0D0A0D0A0D0A3C78736C3A74656D706C617465206D617463683D22706167655B706167652D6C6576656C3D315D22203E0D0A3C756C20636C6173733D22736974652D6D61702D6C6576656C2D6F6E65223E0D0A093C6C693E0D0A09093C6120687265663D227B24736974652D706174687D3F706167655F69643D7B706167652D69647D22207461726765743D225F746F70223E0D0A0909093C78736C3A76616C75652D6F662073656C6563743D22706167652D6E616D6522202F3E0D0A09093C2F613E0D0A09093C78736C3A6170706C792D74656D706C617465732073656C6563743D22706167652D6465736372697074696F6E22202F3E0D0A09093C78736C3A6170706C792D74656D706C617465732073656C6563743D22706167652D696D61676522202F3E0D0A09093C78736C3A6170706C792D74656D706C617465732073656C6563743D226368696C642D70616765732D6C69737422202F3E0D0A09202020203C78736C3A746578742064697361626C652D6F75747075742D6573636170696E673D22796573223E0D0A0909202020203C215B43444154415B3C64697620636C6173733D22636C656172223E26233136303B3C2F6469763E5D5D3E0D0A09202020203C2F78736C3A746578743E0D0A093C2F6C693E0D0A3C2F756C3E0D0A3C2F78736C3A74656D706C6174653E0D0A0D0A0D0A3C78736C3A74656D706C617465206D617463683D22706167655B706167652D6C6576656C3D325D22203E0D0A3C756C20636C6173733D22736974652D6D61702D6C6576656C2D74776F223E0D0A093C6C693E0D0A09093C6120687265663D227B24736974652D706174687D3F706167655F69643D7B706167652D69647D22207461726765743D225F746F70223E0D0A0909093C78736C3A76616C75652D6F662073656C6563743D22706167652D6E616D6522202F3E0D0A09093C2F613E0D0A09093C78736C3A6170706C792D74656D706C617465732073656C6563743D22706167652D6465736372697074696F6E22202F3E0D0A09093C78736C3A6170706C792D74656D706C617465732073656C6563743D226368696C642D70616765732D6C69737422202F3E0D0A093C2F6C693E0D0A3C2F756C3E0D0A3C2F78736C3A74656D706C6174653E0D0A0D0A0D0A3C78736C3A74656D706C617465206D617463683D22706167655B706167652D6C6576656C3E325D22203E0D0A3C756C20636C6173733D22736974652D6D61702D6C6576656C2D68696768657374223E0D0A093C6C693E0D0A09093C6120687265663D227B24736974652D706174687D3F706167655F69643D7B706167652D69647D22207461726765743D225F746F70223E0D0A0909093C78736C3A76616C75652D6F662073656C6563743D22706167652D6E616D6522202F3E0D0A09093C2F613E0D0A09093C78736C3A6170706C792D74656D706C617465732073656C6563743D22706167652D6465736372697074696F6E22202F3E0D0A09093C78736C3A6170706C792D74656D706C617465732073656C6563743D226368696C642D70616765732D6C69737422202F3E0D0A093C2F6C693E0D0A3C2F756C3E0D0A3C2F78736C3A74656D706C6174653E0D0A0D0A0D0A3C78736C3A74656D706C617465206D617463683D22706167652D6465736372697074696F6E223E0D0A093C6272202F3E3C78736C3A76616C75652D6F662073656C6563743D222E22202F3E0D0A3C2F78736C3A74656D706C6174653E0D0A0D0A0D0A3C78736C3A74656D706C617465206D617463683D226368696C642D70616765732D6C6973745B706167652D6C6576656C3D305D223E0D0A093C78736C3A696620746573743D22636F756E742870616765293E3022203E0D0A09093C78736C3A6170706C792D74656D706C617465732073656C6563743D227061676522202F3E0D0A202020203C2F78736C3A69663E0D0A3C2F78736C3A74656D706C6174653E0D0A0D0A0D0A3C78736C3A74656D706C617465206D617463683D226368696C642D70616765732D6C6973745B706167652D6C6576656C3D315D223E0D0A093C78736C3A696620746573743D22636F756E742870616765293E3022203E0D0A09093C78736C3A6170706C792D74656D706C617465732073656C6563743D227061676522202F3E0D0A202020203C2F78736C3A69663E0D0A3C2F78736C3A74656D706C6174653E0D0A0D0A0D0A3C78736C3A74656D706C617465206D617463683D226368696C642D70616765732D6C6973745B706167652D6C6576656C3D325D223E0D0A093C78736C3A696620746573743D22636F756E742870616765293E3022203E0D0A09093C78736C3A6170706C792D74656D706C617465732073656C6563743D227061676522202F3E0D0A202020203C2F78736C3A69663E0D0A3C2F78736C3A74656D706C6174653E0D0A0D0A3C78736C3A74656D706C617465206D617463683D226368696C642D70616765732D6C6973745B706167652D6C6576656C3E325D223E0D0A093C78736C3A696620746573743D22636F756E742870616765293E3022203E0D0A09093C78736C3A6170706C792D74656D706C617465732073656C6563743D227061676522202F3E0D0A202020203C2F78736C3A69663E0D0A3C2F78736C3A74656D706C6174653E0D0A0D0A0D0A3C78736C3A74656D706C617465206D617463683D22706167652D696D616765223E0D0A093C64697620636C6173733D226C6576656C2D6F6E652D696D616765223E0D0A20202020093C64697620636C6173733D22706F6C61726F6964223E0D0A09093C696D672020626F726465723D2230222077696474683D22383022206865696768743D22383022207372633D22696D616765732F6C6F63616C2F646174612F70616765732F7B2E7D2220616C743D2222202F3E0D0A2020202020202020203C2F6469763E0D0A093C2F646976203E0D0A3C2F78736C3A74656D706C6174653E0D0A0D0A0D0A3C2F78736C3A7374796C6573686565743E0D0A);
INSERT INTO core_stylesheet (id_stylesheet, description, file_name, source) VALUES (279,'Site Map (Admin mode)','admin_site_map_admin.xsl',0x3C3F786D6C2076657273696F6E3D22312E30223F3E0D0A3C78736C3A7374796C6573686565742076657273696F6E3D22312E302220786D6C6E733A78736C3D22687474703A2F2F7777772E77332E6F72672F313939392F58534C2F5472616E73666F726D223E0D0A3C78736C3A706172616D206E616D653D22736974652D70617468222073656C6563743D22736974652D7061746822202F3E0D0A3C78736C3A7661726961626C65206E616D653D2263757272656E742D706167652D6964222073656C6563743D2263757272656E742D706167652D696422202F3E0D0A0D0A3C78736C3A74656D706C617465206D617463683D22706167655B706167652D6C6576656C3D305D223E200D0A093C6469762069643D22747265652220636C6173733D226A73747265652D64656661756C74223E0D0A09093C6120687265663D227B24736974652D706174687D3F706167655F69643D7B706167652D69647D22207469746C653D227B706167652D6465736372697074696F6E7D22203E0D0A0909093C78736C3A76616C75652D6F662073656C6563743D22706167652D6E616D6522202F3E0D0A0909093C78736C3A696620746573743D226E6F7428737472696E6728706167652D726F6C65293D276E6F6E652729223E200D0A090909093C7374726F6E673E3C78736C3A746578742064697361626C652D6F75747075742D6573636170696E673D22796573223E2D20236931386E7B706F7274616C2E736974652E61646D696E5F706167652E74616241646D696E4D6170526F6C6552657365727665647D3C2F78736C3A746578743E0D0A090909093C78736C3A76616C75652D6F662073656C6563743D22706167652D726F6C6522202F3E3C2F7374726F6E673E0D0A0909093C2F78736C3A69663E2020202020202020202020200D0A09093C2F613E0D0A09093C756C3E0D0A0909093C78736C3A6170706C792D74656D706C617465732073656C6563743D226368696C642D70616765732D6C69737422202F3E0D0A09093C2F756C3E0D0A093C2F6469763E0D0A3C2F78736C3A74656D706C6174653E0D0A202020200D0A3C78736C3A74656D706C617465206D617463683D22706167655B706167652D6C6576656C3E305D22203E0D0A093C78736C3A7661726961626C65206E616D653D22696E646578222073656C6563743D22706167652D696422202F3E0D0A093C78736C3A7661726961626C65206E616D653D226465736372697074696F6E222073656C6563743D22706167652D6465736372697074696F6E22202F3E0D0A090D0A093C6C692069643D226E6F64652D7B24696E6465787D223E0D0A09093C6120687265663D227B24736974652D706174687D3F706167655F69643D7B706167652D69647D22207469746C653D227B246465736372697074696F6E7D223E0D0A09093C78736C3A76616C75652D6F662073656C6563743D22706167652D6E616D6522202F3E0D0A0909093C78736C3A696620746573743D226E6F7428737472696E6728706167652D726F6C65293D276E6F6E652729223E0D0A090909093C7374726F6E673E0D0A0909090920203C78736C3A746578742064697361626C652D6F75747075742D6573636170696E673D22796573223E236931386E7B706F7274616C2E736974652E61646D696E5F706167652E74616241646D696E4D6170526F6C6552657365727665647D3C2F78736C3A746578743E3C78736C3A76616C75652D6F662073656C6563743D22706167652D726F6C6522202F3E0D0A090909093C2F7374726F6E673E0D0A0909093C2F78736C3A69663E0D0A09093C2F613E0D0A09093C78736C3A63686F6F73653E0D0A0909093C78736C3A7768656E20746573743D22636F756E74286368696C642D70616765732D6C6973742F2A293E30223E0D0A090909093C756C3E0D0A090909092020203C78736C3A6170706C792D74656D706C617465732073656C6563743D226368696C642D70616765732D6C69737422202F3E0D0A090909093C2F756C3E0D0A0909093C2F78736C3A7768656E3E0D0A09092020203C78736C3A6F74686572776973653E0D0A090909093C78736C3A6170706C792D74656D706C617465732073656C6563743D226368696C642D70616765732D6C69737422202F3E0D0A09092020203C2F78736C3A6F74686572776973653E0D0A09093C2F78736C3A63686F6F73653E0D0A093C2F6C693E0D0A3C2F78736C3A74656D706C6174653E0D0A202020200D0A3C78736C3A74656D706C617465206D617463683D226368696C642D70616765732D6C697374223E0D0A093C78736C3A6170706C792D74656D706C617465732073656C6563743D227061676522202F3E0D0A3C2F78736C3A74656D706C6174653E0D0A202020200D0A3C2F78736C3A7374796C6573686565743E0D0A);

INSERT INTO core_style VALUES (3,'Menu Init','',3);
INSERT INTO core_style VALUES (4,'Main Menu','',4);
INSERT INTO core_style VALUES (5,'Breadcrum','',5);
INSERT INTO core_style VALUES (6,'Site Map','',6);
INSERT INTO core_style VALUES (7,'Tree View','',7);
INSERT INTO core_style VALUES (8,'Site Map (Admin mode)',NULL,8);

INSERT INTO core_style_mode_stylesheet VALUES (3,0,211);
INSERT INTO core_style_mode_stylesheet VALUES (4,0,213);
INSERT INTO core_style_mode_stylesheet VALUES (5,0,215);
INSERT INTO core_style_mode_stylesheet VALUES (6,0,217);
INSERT INTO core_style_mode_stylesheet VALUES (7,0,253);
INSERT INTO core_style_mode_stylesheet VALUES (8,1,279);

INSERT INTO core_user_right VALUES ('CORE_ADMIN_SITE',1);
INSERT INTO core_user_right VALUES ('CORE_ADMIN_SITE',2);
INSERT INTO core_user_right VALUES ('CORE_LINK_SERVICE_MANAGEMENT',1);
INSERT INTO core_user_right VALUES ('CORE_LINK_SERVICE_MANAGEMENT',2);
INSERT INTO core_user_right VALUES ('CORE_CACHE_MANAGEMENT',1);
INSERT INTO core_user_right VALUES ('CORE_DAEMONS_MANAGEMENT',1);
INSERT INTO core_user_right VALUES ('CORE_FEATURES_MANAGEMENT',1);
INSERT INTO core_user_right VALUES ('CORE_LEVEL_RIGHT_MANAGEMENT',1);
INSERT INTO core_user_right VALUES ('CORE_LOGS_VISUALISATION',1);
INSERT INTO core_user_right VALUES ('CORE_MAILINGLISTS_MANAGEMENT',1);
INSERT INTO core_user_right VALUES ('CORE_MODES_MANAGEMENT',1);
INSERT INTO core_user_right VALUES ('CORE_PAGE_TEMPLATE_MANAGEMENT',1);
INSERT INTO core_user_right VALUES ('CORE_PAGE_TEMPLATE_MANAGEMENT',2);
INSERT INTO core_user_right VALUES ('CORE_PLUGINS_MANAGEMENT',1);
INSERT INTO core_user_right VALUES ('CORE_PROPERTIES_MANAGEMENT',1);
INSERT INTO core_user_right VALUES ('CORE_PROPERTIES_MANAGEMENT',2);
INSERT INTO core_user_right VALUES ('CORE_RBAC_MANAGEMENT',1);
INSERT INTO core_user_right VALUES ('CORE_ROLES_MANAGEMENT',1);
INSERT INTO core_user_right VALUES ('CORE_ROLES_MANAGEMENT',2);
INSERT INTO core_user_right VALUES ('CORE_SEARCH_INDEXATION',1);
INSERT INTO core_user_right VALUES ('CORE_SEARCH_INDEXATION',2);
INSERT INTO core_user_right VALUES ('CORE_SEARCH_MANAGEMENT',1);
INSERT INTO core_user_right VALUES ('CORE_SEARCH_MANAGEMENT',2);
INSERT INTO core_user_right VALUES ('CORE_STYLES_MANAGEMENT',1);
INSERT INTO core_user_right VALUES ('CORE_STYLESHEET_MANAGEMENT',1);
INSERT INTO core_user_right VALUES ('CORE_USERS_MANAGEMENT',1);
INSERT INTO core_user_right VALUES ('CORE_USERS_MANAGEMENT',2);
INSERT INTO core_user_right VALUES ('CORE_WORKGROUPS_MANAGEMENT',1);
INSERT INTO core_user_right VALUES ('CORE_WORKGROUPS_MANAGEMENT',2);
INSERT INTO core_user_right VALUES ('CORE_RIGHT_MANAGEMENT',1);
INSERT INTO core_user_right VALUES ('CORE_ADMINDASHBOARD_MANAGEMENT', 1);
INSERT INTO core_user_right VALUES ('CORE_DASHBOARD_MANAGEMENT', 1);
INSERT INTO core_user_right VALUES ('CORE_XSL_EXPORT_MANAGEMENT', 1);
INSERT INTO core_user_right VALUES ('CORE_TEMPLATES_AUTO_INCLUDES_MANAGEMENT', 1);
INSERT INTO core_user_right VALUES ('CORE_EDITORS_MANAGEMENT', 1);

INSERT INTO core_user_role VALUES ('all_site_manager',1);
INSERT INTO core_user_role VALUES ('super_admin',1);
INSERT INTO core_user_role VALUES ('all_site_manager',2);
INSERT INTO core_user_role VALUES ('super_admin',2);

INSERT INTO core_datastore VALUES ('core.advanced_parameters.password_duration', '120');
INSERT INTO core_datastore VALUES ('core.advanced_parameters.default_user_level', '0');
INSERT INTO core_datastore VALUES ('core.advanced_parameters.default_user_notification', '1');
INSERT INTO core_datastore VALUES ('core.advanced_parameters.default_user_language', 'fr');
INSERT INTO core_datastore VALUES ('core.advanced_parameters.default_user_status', '0');
INSERT INTO core_datastore VALUES ('core.advanced_parameters.email_pattern', /*E*/'^[\\w_.\\-!\\#\\$\\%\\&''\\*\\+\\/\\=\\?\\^\\\`\\}\\{\\|\\~]+@[\\w_.\\-]+\\.[\\w]+$');
INSERT INTO core_datastore VALUES ('core.advanced_parameters.email_pattern_verify_by', '');
INSERT INTO core_datastore VALUES ('core.advanced_parameters.force_change_password_reinit', 'false');
INSERT INTO core_datastore VALUES ('core.advanced_parameters.password_minimum_length', '8');
INSERT INTO core_datastore VALUES ('core.advanced_parameters.password_format_upper_lower_case', 'false');
INSERT INTO core_datastore VALUES ('core.advanced_parameters.password_format_numero', 'false');
INSERT INTO core_datastore VALUES ('core.advanced_parameters.password_format_special_characters', 'false');
INSERT INTO core_datastore VALUES ('core.advanced_parameters.password_history_size', '');
INSERT INTO core_datastore VALUES ('core.advanced_parameters.maximum_number_password_change', '');
INSERT INTO core_datastore VALUES ('core.advanced_parameters.tsw_size_password_change', '');
INSERT INTO core_datastore VALUES ('core.advanced_parameters.use_advanced_security_parameters', '');
INSERT INTO core_datastore VALUES ('core.advanced_parameters.account_life_time', '12');
INSERT INTO core_datastore VALUES ('core.advanced_parameters.time_before_alert_account', '30');
INSERT INTO core_datastore VALUES ('core.advanced_parameters.nb_alert_account', '2');
INSERT INTO core_datastore VALUES ('core.advanced_parameters.time_between_alerts_account', '10');
INSERT INTO core_datastore VALUES ('core.advanced_parameters.access_failures_max', '3');
INSERT INTO core_datastore VALUES ('core.advanced_parameters.access_failures_interval', '10');
INSERT INTO core_datastore VALUES ('core.advanced_parameters.expired_alert_mail_sender', 'lutece@nowhere.com');
INSERT INTO core_datastore VALUES ('core.advanced_parameters.expired_alert_mail_subject', 'Votre compte a expiré');
INSERT INTO core_datastore VALUES ('core.advanced_parameters.first_alert_mail_sender', 'lutece@nowhere.com');
INSERT INTO core_datastore VALUES ('core.advanced_parameters.first_alert_mail_subject', 'Votre compte va bientôt expirer');
INSERT INTO core_datastore VALUES ('core.advanced_parameters.other_alert_mail_sender', 'lutece@nowhere.com');
INSERT INTO core_datastore VALUES ('core.advanced_parameters.other_alert_mail_subject', 'Votre compte va bientôt expirer');
INSERT INTO core_datastore VALUES ('core.advanced_parameters.account_reactivated_mail_sender', 'lutece@nowhere.com');
INSERT INTO core_datastore VALUES ('core.advanced_parameters.account_reactivated_mail_subject', 'Votre compte a bien été réactivé');
INSERT INTO core_datastore VALUES ('core.advanced_parameters.access_failures_captcha', '1');
INSERT INTO core_datastore VALUES ('core.advanced_parameters.notify_user_password_expired', '');
INSERT INTO core_datastore VALUES ('core.advanced_parameters.password_expired_mail_sender', 'lutece@nowhere.com');
INSERT INTO core_datastore VALUES ('core.advanced_parameters.password_expired_mail_subject', 'Votre mot de passe a expiré');
INSERT INTO core_datastore VALUES ('core.advanced_parameters.reset_token_validity', '60');
INSERT INTO core_datastore VALUES ('core.advanced_parameters.lock_reset_token_to_session', 'false');
INSERT INTO core_datastore VALUES ('core.backOffice.defaultEditor', 'tinymce');
INSERT INTO core_datastore VALUES ('core.frontOffice.defaultEditor', 'markitupbbcode');
INSERT INTO core_datastore VALUES ('core_banned_domain_names', 'yopmail.com');

INSERT INTO core_datastore VALUES ('portal.site.site_property.name', 'LUTECE');
INSERT INTO core_datastore VALUES ('portal.site.site_property.meta.author', '<author>');
INSERT INTO core_datastore VALUES ('portal.site.site_property.meta.copyright', '<copyright>');
INSERT INTO core_datastore VALUES ('portal.site.site_property.meta.description', '<description>');
INSERT INTO core_datastore VALUES ('portal.site.site_property.meta.keywords', '<keywords>');
INSERT INTO core_datastore VALUES ('portal.site.site_property.email', '<webmaster email>');
INSERT INTO core_datastore VALUES ('portal.site.site_property.noreply_email', 'no-reply@mydomain.com');
INSERT INTO core_datastore VALUES ('portal.site.site_property.home_url', 'jsp/site/Portal.jsp');
INSERT INTO core_datastore VALUES ('portal.site.site_property.admin_home_url', 'jsp/admin/AdminMenu.jsp');
INSERT INTO core_datastore VALUES ('portal.site.site_property.popup_credits.textblock', '&lt;credits text&gt;');
INSERT INTO core_datastore VALUES ('portal.site.site_property.popup_legal_info.copyright.textblock', '&lt;copyright text&gt;');
INSERT INTO core_datastore VALUES ('portal.site.site_property.popup_legal_info.privacy.textblock', '&lt;privacy text&gt;');
INSERT INTO core_datastore VALUES ('portal.site.site_property.logo_url', 'images/logo-header-icon.png');
INSERT INTO core_datastore VALUES ('portal.site.site_property.locale.default', 'fr');
-- LUTECE 
INSERT INTO core_datastore VALUES ('portal.site.site_property.avatar_default', 'images/admin/skin/unknown.png');
INSERT INTO core_datastore VALUES ('portal.site.site_property.back_images', '\'images/admin/skin/bg_login1.jpg\' , \'images/admin/skin/bg_login2.jpg\' , \'images/admin/skin/bg_login3.jpg\' , \'images/admin/skin/bg_login4.jpg\'');

INSERT INTO core_search_parameter (parameter_key, parameter_value) VALUES ('type_filter', 'none');
INSERT INTO core_search_parameter (parameter_key, parameter_value) VALUES ('default_operator', 'OR');
INSERT INTO core_search_parameter (parameter_key, parameter_value) VALUES ('help_message', 'Message d aide pour la recherche');
INSERT INTO core_search_parameter (parameter_key, parameter_value) VALUES ('date_filter', '0');
INSERT INTO core_search_parameter (parameter_key, parameter_value) VALUES ('tag_filter', '0');
INSERT INTO core_search_parameter (parameter_key, parameter_value) VALUES ('taglist', NULL);

INSERT INTO core_admin_user_anonymize_field (field_name, anonymize) VALUES ('access_code', 1);
INSERT INTO core_admin_user_anonymize_field (field_name, anonymize) VALUES ('last_name', 1);
INSERT INTO core_admin_user_anonymize_field (field_name, anonymize) VALUES ('first_name', 1);
INSERT INTO core_admin_user_anonymize_field (field_name, anonymize) VALUES ('email', 1);


INSERT INTO core_template VALUES ('core_first_alert_mail', 'Bonjour ${first_name} ! Votre compte utilisateur arrive à expiration. Pour prolonger sa validité, veuillez <a href="${url}">cliquer ici</a>.</br>Si vous ne le faites pas avant le ${date_valid}, il sera désactivé.');
INSERT INTO core_template VALUES ('core_expiration_mail', 'Bonjour ${first_name} ! Votre compte a expiré. Vous ne pourrez plus vous connecter avec, et les données vous concernant ont été anonymisées');
INSERT INTO core_template VALUES ('core_other_alert_mail', 'Bonjour ${first_name} ! Votre compte utilisateur arrive à expiration. Pour prolonger sa validité, veuillez <a href="${url}">cliquer ici</a>.</br>Si vous ne le faites pas avant le ${date_valid}, il sera désactivé.');
INSERT INTO core_template VALUES ('core_account_reactivated_mail', 'Bonjour ${first_name} ! Votre compte utilisateur a bien été réactivé. Il est désormais valable jusqu''au ${date_valid}.');
INSERT INTO core_template VALUES ('core_password_expired', 'Bonjour ! Votre mot de passe a expiré. Lors de votre prochaine connexion, vous pourrez le changer.');

INSERT INTO core_text_editor VALUES ( 'tinymce', 'portal.admindashboard.editors.labelBackTinyMCE', 1 );
INSERT INTO core_text_editor VALUES ( '', 'portal.admindashboard.editors.labelBackNoEditor', 1 );
INSERT INTO core_text_editor VALUES ( '', 'portal.admindashboard.editors.labelFrontNoEditor', 0 );
INSERT INTO core_text_editor VALUES ( 'markitupbbcode', 'portal.admindashboard.editors.labelFrontMarkitupBBCode', 0 );

INSERT INTO core_admin_mailinglist (name,description,workgroup) VALUES( 'admin', 'admin', 'all' );
INSERT INTO core_admin_mailinglist_filter VALUES( '1', 'all', 'super_admin' );

INSERT INTO core_xsl_export VALUES (125,'Core - Export users to a CSV file','Export back office users to a CSV file','csv',125,'core');
INSERT INTO core_file VALUES (125,'export_users_csv.xml',125,2523,'application/xml','2005-10-10 10:10:10');
INSERT INTO core_physical_file VALUES (125,0x3C3F786D6C2076657273696F6E3D22312E30223F3E0D0A3C78736C3A7374796C6573686565742076657273696F6E3D22312E302220786D6C6E733A78736C3D22687474703A2F2F7777772E77332E6F72672F313939392F58534C2F5472616E73666F726D223E0D0A093C78736C3A6F7574707574206D6574686F643D2274657874222F3E0D0A090D0A093C78736C3A74656D706C617465206D617463683D227573657273223E0D0A09093C78736C3A6170706C792D74656D706C617465732073656C6563743D227573657222202F3E0D0A093C2F78736C3A74656D706C6174653E0D0A090D0A093C78736C3A74656D706C617465206D617463683D2275736572223E0D0A09093C78736C3A746578743E223C2F78736C3A746578743E0D0A09093C78736C3A76616C75652D6F662073656C6563743D226163636573735F636F646522202F3E0D0A09093C78736C3A746578743E223B223C2F78736C3A746578743E0D0A09093C78736C3A76616C75652D6F662073656C6563743D226C6173745F6E616D6522202F3E0D0A09093C78736C3A746578743E223B223C2F78736C3A746578743E0D0A09093C78736C3A76616C75652D6F662073656C6563743D2266697273745F6E616D6522202F3E0D0A09093C78736C3A746578743E223B223C2F78736C3A746578743E0D0A09093C78736C3A76616C75652D6F662073656C6563743D22656D61696C22202F3E0D0A09093C78736C3A746578743E223B223C2F78736C3A746578743E0D0A09093C78736C3A76616C75652D6F662073656C6563743D2273746174757322202F3E0D0A09093C78736C3A746578743E223B223C2F78736C3A746578743E0D0A09093C78736C3A76616C75652D6F662073656C6563743D226C6F63616C6522202F3E0D0A09093C78736C3A746578743E223B223C2F78736C3A746578743E0D0A09093C78736C3A76616C75652D6F662073656C6563743D226C6576656C22202F3E0D0A09093C78736C3A746578743E223B223C2F78736C3A746578743E0D0A09093C78736C3A76616C75652D6F662073656C6563743D226D7573745F6368616E67655F70617373776F726422202F3E0D0A09093C78736C3A746578743E223B223C2F78736C3A746578743E0D0A09093C78736C3A76616C75652D6F662073656C6563743D226163636573736962696C6974795F6D6F646522202F3E0D0A09093C78736C3A746578743E223B223C2F78736C3A746578743E0D0A09093C78736C3A76616C75652D6F662073656C6563743D2270617373776F72645F6D61785F76616C69645F6461746522202F3E0D0A09093C78736C3A746578743E223B223C2F78736C3A746578743E0D0A09093C78736C3A76616C75652D6F662073656C6563743D226163636F756E745F6D61785F76616C69645F6461746522202F3E0D0A09093C78736C3A746578743E223B223C2F78736C3A746578743E0D0A09093C78736C3A76616C75652D6F662073656C6563743D22646174655F6C6173745F6C6F67696E22202F3E0D0A09093C78736C3A746578743E223C2F78736C3A746578743E0D0A09093C78736C3A6170706C792D74656D706C617465732073656C6563743D22726F6C657322202F3E0D0A09093C78736C3A6170706C792D74656D706C617465732073656C6563743D2272696768747322202F3E0D0A09093C78736C3A6170706C792D74656D706C617465732073656C6563743D22776F726B67726F75707322202F3E0D0A09093C78736C3A6170706C792D74656D706C617465732073656C6563743D226174747269627574657322202F3E0D0A09093C78736C3A746578743E262331303B3C2F78736C3A746578743E0D0A093C2F78736C3A74656D706C6174653E0D0A090D0A093C78736C3A74656D706C617465206D617463683D22726F6C6573223E0D0A09093C78736C3A6170706C792D74656D706C617465732073656C6563743D22726F6C6522202F3E0D0A093C2F78736C3A74656D706C6174653E0D0A090D0A093C78736C3A74656D706C617465206D617463683D22726F6C65223E0D0A09093C78736C3A746578743E3B22726F6C653A3C2F78736C3A746578743E0D0A09093C78736C3A76616C75652D6F662073656C6563743D2263757272656E74282922202F3E0D0A09093C78736C3A746578743E223C2F78736C3A746578743E0D0A093C2F78736C3A74656D706C6174653E0D0A090D0A093C78736C3A74656D706C617465206D617463683D22726967687473223E0D0A09093C78736C3A6170706C792D74656D706C617465732073656C6563743D22726967687422202F3E0D0A093C2F78736C3A74656D706C6174653E0D0A090D0A093C78736C3A74656D706C617465206D617463683D227269676874223E0D0A09093C78736C3A746578743E3B2272696768743A3C2F78736C3A746578743E0D0A09093C78736C3A76616C75652D6F662073656C6563743D2263757272656E74282922202F3E0D0A09093C78736C3A746578743E223C2F78736C3A746578743E0D0A093C2F78736C3A74656D706C6174653E0D0A090D0A093C78736C3A74656D706C617465206D617463683D22776F726B67726F757073223E0D0A09093C78736C3A6170706C792D74656D706C617465732073656C6563743D22776F726B67726F757022202F3E0D0A093C2F78736C3A74656D706C6174653E0D0A090D0A093C78736C3A74656D706C617465206D617463683D22776F726B67726F7570223E0D0A09093C78736C3A746578743E3B22776F726B67726F75703A3C2F78736C3A746578743E0D0A09093C78736C3A76616C75652D6F662073656C6563743D2263757272656E74282922202F3E0D0A09093C78736C3A746578743E223C2F78736C3A746578743E0D0A093C2F78736C3A74656D706C6174653E0D0A090D0A093C78736C3A74656D706C617465206D617463683D2261747472696275746573223E0D0A09093C78736C3A6170706C792D74656D706C617465732073656C6563743D2261747472696275746522202F3E0D0A093C2F78736C3A74656D706C6174653E0D0A090D0A093C78736C3A74656D706C617465206D617463683D22617474726962757465223E0D0A09093C78736C3A746578743E3B223C2F78736C3A746578743E0D0A09093C78736C3A76616C75652D6F662073656C6563743D226174747269627574652D696422202F3E0D0A09093C78736C3A746578743E3A3C2F78736C3A746578743E0D0A09093C78736C3A76616C75652D6F662073656C6563743D226174747269627574652D6669656C642D696422202F3E0D0A09093C78736C3A746578743E3A3C2F78736C3A746578743E0D0A09093C78736C3A76616C75652D6F662073656C6563743D226174747269627574652D76616C756522202F3E0D0A09093C78736C3A746578743E223C2F78736C3A746578743E0D0A093C2F78736C3A74656D706C6174653E0D0A090D0A3C2F78736C3A7374796C6573686565743E);

INSERT INTO core_xsl_export VALUES (126,'Core - Export users to a XML file','Export back office users to a XML file','xml',126,'core');
INSERT INTO core_file VALUES (126,'export_users_xml.xml',126,259,'application/xml','2005-10-10 10:10:10');
INSERT INTO core_physical_file VALUES (126,0x3C3F786D6C2076657273696F6E3D22312E3022203F3E0D0A3C78736C3A7374796C6573686565742076657273696F6E3D22312E302220786D6C6E733A78736C3D22687474703A2F2F7777772E77332E6F72672F313939392F58534C2F5472616E73666F726D223E0D0A093C78736C3A74656D706C617465206D617463683D222F207C20402A207C206E6F64652829223E0D0A09093C78736C3A636F70793E0D0A0909093C78736C3A6170706C792D74656D706C617465732073656C6563743D22402A207C206E6F6465282922202F3E0D0A09093C2F78736C3A636F70793E0D0A093C2F78736C3A74656D706C6174653E0D0A3C2F78736C3A7374796C6573686565743E);
